month,age_group,card_tpbuz_nm_2,amt
202201,10대이하,간이주점,605412532
202201,10대이하,고기요리,295738233
202201,10대이하,닭/오리요리,356237881
202201,10대이하,별식/퓨전요리,86811756
202201,10대이하,분식,369239831
202201,10대이하,양식,177971424
202201,10대이하,일식/수산물,158788809
202201,10대이하,제과/제빵/떡/케익,203883223
202201,10대이하,중식,214783012
202201,10대이하,커피/음료,822825816
202201,10대이하,패스트푸드,382750315
202201,10대이하,한식,859959321
202201,20대,간이주점,6588480320
202201,20대,고기요리,10115041946
202201,20대,닭/오리요리,6999778617
202201,20대,별식/퓨전요리,2656842128
202201,20대,분식,4404654742
202201,20대,양식,3153430696
202201,20대,일식/수산물,7007975227
202201,20대,제과/제빵/떡/케익,5023855103
202201,20대,중식,2914780428
202201,20대,커피/음료,12924172184
202201,20대,패스트푸드,6074507188
202201,20대,한식,23246120955
202201,30대,간이주점,4970339057
202201,30대,고기요리,14777719758
202201,30대,닭/오리요리,8704990370
202201,30대,별식/퓨전요리,4058144816
202201,30대,분식,6767396520
202201,30대,양식,4032882176
202201,30대,일식/수산물,12366388772
202201,30대,제과/제빵/떡/케익,10236500740
202201,30대,중식,4925221646
202201,30대,커피/음료,16829541093
202201,30대,패스트푸드,8400639816
202201,30대,한식,38031712319
202201,40대,간이주점,5433432919
202201,40대,고기요리,20834278334
202201,40대,닭/오리요리,13127294316
202201,40대,별식/퓨전요리,5622283530
202201,40대,분식,10784592537
202201,40대,양식,4962765492
202201,40대,일식/수산물,19060789363
202201,40대,제과/제빵/떡/케익,14472719218
202201,40대,중식,7573928020
202201,40대,커피/음료,18670388841
202201,40대,패스트푸드,10216850436
202201,40대,한식,56700686977
202201,50대+,간이주점,5773861944
202201,50대+,고기요리,31799088444
202201,50대+,닭/오리요리,17837922392
202201,50대+,별식/퓨전요리,8437031224
202201,50대+,분식,13011925682
202201,50대+,양식,4155376564
202201,50대+,일식/수산물,36407927032
202201,50대+,제과/제빵/떡/케익,20991182985
202201,50대+,중식,9116438569
202201,50대+,커피/음료,18250022082
202201,50대+,패스트푸드,8716824008
202201,50대+,한식,95213886424
202202,10대이하,간이주점,365545186
202202,10대이하,고기요리,243578856
202202,10대이하,닭/오리요리,336104785
202202,10대이하,별식/퓨전요리,76725152
202202,10대이하,분식,320193356
202202,10대이하,양식,158694615
202202,10대이하,일식/수산물,151459001
202202,10대이하,제과/제빵/떡/케익,193714348
202202,10대이하,중식,185550053
202202,10대이하,커피/음료,752081656
202202,10대이하,패스트푸드,349958756
202202,10대이하,한식,726294559
202202,20대,간이주점,5661247841
202202,20대,고기요리,8542835994
202202,20대,닭/오리요리,5927533792
202202,20대,별식/퓨전요리,2288595900
202202,20대,분식,3821157213
202202,20대,양식,2627085314
202202,20대,일식/수산물,5866621871
202202,20대,제과/제빵/떡/케익,4451465775
202202,20대,중식,2559548147
202202,20대,커피/음료,11521345803
202202,20대,패스트푸드,5446793889
202202,20대,한식,20153749094
202202,30대,간이주점,4406546234
202202,30대,고기요리,12177596519
202202,30대,닭/오리요리,7209214348
202202,30대,별식/퓨전요리,3470868656
202202,30대,분식,5751111978
202202,30대,양식,3350394307
202202,30대,일식/수산물,9831922273
202202,30대,제과/제빵/떡/케익,8936461066
202202,30대,중식,4183206709
202202,30대,커피/음료,14716724824
202202,30대,패스트푸드,7489499573
202202,30대,한식,32030469620
202202,40대,간이주점,4551513017
202202,40대,고기요리,16881932341
202202,40대,닭/오리요리,11283515335
202202,40대,별식/퓨전요리,4919281567
202202,40대,분식,9172076790
202202,40대,양식,3878954607
202202,40대,일식/수산물,15065059761
202202,40대,제과/제빵/떡/케익,12161550723
202202,40대,중식,6339781815
202202,40대,커피/음료,16116430315
202202,40대,패스트푸드,9305309124
202202,40대,한식,46784437377
202202,50대+,간이주점,5041840650
202202,50대+,고기요리,24810578635
202202,50대+,닭/오리요리,14777085656
202202,50대+,별식/퓨전요리,7353542032
202202,50대+,분식,10969285731
202202,50대+,양식,3424671221
202202,50대+,일식/수산물,28147590787
202202,50대+,제과/제빵/떡/케익,15593194795
202202,50대+,중식,7866689793
202202,50대+,커피/음료,15726527787
202202,50대+,패스트푸드,7867003117
202202,50대+,한식,77733894728
202203,10대이하,간이주점,355401421
202203,10대이하,고기요리,266620736
202203,10대이하,닭/오리요리,336667067
202203,10대이하,별식/퓨전요리,78925764
202203,10대이하,분식,372959770
202203,10대이하,양식,152614555
202203,10대이하,일식/수산물,143893423
202203,10대이하,제과/제빵/떡/케익,200392626
202203,10대이하,중식,227424882
202203,10대이하,커피/음료,856690759
202203,10대이하,패스트푸드,410306393
202203,10대이하,한식,814676292
202203,20대,간이주점,8178396840
202203,20대,고기요리,10962159980
202203,20대,닭/오리요리,7234924239
202203,20대,별식/퓨전요리,2765278564
202203,20대,분식,4643899472
202203,20대,양식,2923420279
202203,20대,일식/수산물,6745717807
202203,20대,제과/제빵/떡/케익,5140861024
202203,20대,중식,2905523131
202203,20대,커피/음료,13656799299
202203,20대,패스트푸드,6351257821
202203,20대,한식,25109298624
202203,30대,간이주점,6538286282
202203,30대,고기요리,16637205423
202203,30대,닭/오리요리,8977832288
202203,30대,별식/퓨전요리,4402427194
202203,30대,분식,7235318960
202203,30대,양식,3803848254
202203,30대,일식/수산물,11827772478
202203,30대,제과/제빵/떡/케익,10819887513
202203,30대,중식,4867068046
202203,30대,커피/음료,18361018206
202203,30대,패스트푸드,8601736519
202203,30대,한식,41321282162
202203,40대,간이주점,6653230314
202203,40대,고기요리,22090987047
202203,40대,닭/오리요리,13504550148
202203,40대,별식/퓨전요리,6169559535
202203,40대,분식,11187767379
202203,40대,양식,4350576920
202203,40대,일식/수산물,17971322365
202203,40대,제과/제빵/떡/케익,14957956173
202203,40대,중식,7160351333
202203,40대,커피/음료,20210429957
202203,40대,패스트푸드,10283938549
202203,40대,한식,58815227894
202203,50대+,간이주점,6915851848
202203,50대+,고기요리,32170454678
202203,50대+,닭/오리요리,18247989081
202203,50대+,별식/퓨전요리,9317088949
202203,50대+,분식,14149647621
202203,50대+,양식,4006704154
202203,50대+,일식/수산물,33226651017
202203,50대+,제과/제빵/떡/케익,19830001118
202203,50대+,중식,9105167678
202203,50대+,커피/음료,20117301632
202203,50대+,패스트푸드,9340932170
202203,50대+,한식,98977059912
202204,10대이하,간이주점,384893089
202204,10대이하,고기요리,285734308
202204,10대이하,닭/오리요리,338871482
202204,10대이하,별식/퓨전요리,89209544
202204,10대이하,분식,439619507
202204,10대이하,양식,183250929
202204,10대이하,일식/수산물,165172968
202204,10대이하,제과/제빵/떡/케익,203697731
202204,10대이하,중식,260312473
202204,10대이하,커피/음료,1071119424
202204,10대이하,패스트푸드,491822187
202204,10대이하,한식,905737083
202204,20대,간이주점,11261564958
202204,20대,고기요리,12936273273
202204,20대,닭/오리요리,8203373902
202204,20대,별식/퓨전요리,2863047058
202204,20대,분식,5107265621
202204,20대,양식,3181777096
202204,20대,일식/수산물,7767516337
202204,20대,제과/제빵/떡/케익,5159203980
202204,20대,중식,3180510590
202204,20대,커피/음료,15473990274
202204,20대,패스트푸드,6642538001
202204,20대,한식,29737289250
202204,30대,간이주점,9867965143
202204,30대,고기요리,21065812121
202204,30대,닭/오리요리,10834992181
202204,30대,별식/퓨전요리,4751807678
202204,30대,분식,8311280330
202204,30대,양식,4851382244
202204,30대,일식/수산물,14724662000
202204,30대,제과/제빵/떡/케익,10776941137
202204,30대,중식,5449115801
202204,30대,커피/음료,21676386686
202204,30대,패스트푸드,8936265794
202204,30대,한식,50956934859
202204,40대,간이주점,9818817351
202204,40대,고기요리,27714103661
202204,40대,닭/오리요리,15853341538
202204,40대,별식/퓨전요리,6553682518
202204,40대,분식,12845233935
202204,40대,양식,5619058073
202204,40대,일식/수산물,22121433985
202204,40대,제과/제빵/떡/케익,15300401945
202204,40대,중식,7859932380
202204,40대,커피/음료,24751228564
202204,40대,패스트푸드,10686645032
202204,40대,한식,71010483431
202204,50대+,간이주점,9036689058
202204,50대+,고기요리,38724388701
202204,50대+,닭/오리요리,20990681503
202204,50대+,별식/퓨전요리,9617218073
202204,50대+,분식,16091218858
202204,50대+,양식,4929141509
202204,50대+,일식/수산물,39483220245
202204,50대+,제과/제빵/떡/케익,20502114940
202204,50대+,중식,9504403929
202204,50대+,커피/음료,24562833939
202204,50대+,패스트푸드,9413448909
202204,50대+,한식,115559463983
202205,10대이하,간이주점,419300052
202205,10대이하,고기요리,334238923
202205,10대이하,닭/오리요리,402828324
202205,10대이하,별식/퓨전요리,102738269
202205,10대이하,분식,444355478
202205,10대이하,양식,198134053
202205,10대이하,일식/수산물,171042611
202205,10대이하,제과/제빵/떡/케익,249268669
202205,10대이하,중식,269624032
202205,10대이하,커피/음료,1101359371
202205,10대이하,패스트푸드,494591932
202205,10대이하,한식,1033811190
202205,20대,간이주점,14136259480
202205,20대,고기요리,15163344102
202205,20대,닭/오리요리,9502881804
202205,20대,별식/퓨전요리,3264349602
202205,20대,분식,5633361749
202205,20대,양식,3663274525
202205,20대,일식/수산물,8922606165
202205,20대,제과/제빵/떡/케익,5363430377
202205,20대,중식,3586865555
202205,20대,커피/음료,16767312756
202205,20대,패스트푸드,7059321199
202205,20대,한식,35203417050
202205,30대,간이주점,12297472688
202205,30대,고기요리,25261246592
202205,30대,닭/오리요리,12826119124
202205,30대,별식/퓨전요리,5497920063
202205,30대,분식,9288014131
202205,30대,양식,5726253669
202205,30대,일식/수산물,17421297678
202205,30대,제과/제빵/떡/케익,11148733542
202205,30대,중식,6337946627
202205,30대,커피/음료,23864331302
202205,30대,패스트푸드,9532861286
202205,30대,한식,59931922257
202205,40대,간이주점,12047564547
202205,40대,고기요리,33119327855
202205,40대,닭/오리요리,18401112101
202205,40대,별식/퓨전요리,7336730465
202205,40대,분식,14128240554
202205,40대,양식,6814489521
202205,40대,일식/수산물,25397459938
202205,40대,제과/제빵/떡/케익,15624753690
202205,40대,중식,8991556020
202205,40대,커피/음료,27545154036
202205,40대,패스트푸드,11297607566
202205,40대,한식,82121251846
202205,50대+,간이주점,10846454282
202205,50대+,고기요리,44576172814
202205,50대+,닭/오리요리,24217280674
202205,50대+,별식/퓨전요리,10379390586
202205,50대+,분식,17954567083
202205,50대+,양식,5792682073
202205,50대+,일식/수산물,43187148648
202205,50대+,제과/제빵/떡/케익,21211487939
202205,50대+,중식,10585215786
202205,50대+,커피/음료,27944056259
202205,50대+,패스트푸드,9903467288
202205,50대+,한식,130837048188
202206,10대이하,간이주점,345740159
202206,10대이하,고기요리,274035682
202206,10대이하,닭/오리요리,335612134
202206,10대이하,별식/퓨전요리,86616034
202206,10대이하,분식,409577898
202206,10대이하,양식,157390379
202206,10대이하,일식/수산물,149807376
202206,10대이하,제과/제빵/떡/케익,181733607
202206,10대이하,중식,254135279
202206,10대이하,커피/음료,1113670214
202206,10대이하,패스트푸드,471289727
202206,10대이하,한식,855181702
202206,20대,간이주점,13362786666
202206,20대,고기요리,13827741938
202206,20대,닭/오리요리,8809992601
202206,20대,별식/퓨전요리,3073805444
202206,20대,분식,5375911562
202206,20대,양식,3426263285
202206,20대,일식/수산물,7927276566
202206,20대,제과/제빵/떡/케익,4778313120
202206,20대,중식,3404553164
202206,20대,커피/음료,16154822284
202206,20대,패스트푸드,6790413609
202206,20대,한식,32187404877
202206,30대,간이주점,12107388611
202206,30대,고기요리,22955385893
202206,30대,닭/오리요리,11857563642
202206,30대,별식/퓨전요리,5171657959
202206,30대,분식,8894010758
202206,30대,양식,5415773197
202206,30대,일식/수산물,14637188289
202206,30대,제과/제빵/떡/케익,10375127617
202206,30대,중식,6111063341
202206,30대,커피/음료,22616713088
202206,30대,패스트푸드,9224374910
202206,30대,한식,55660167145
202206,40대,간이주점,12113165432
202206,40대,고기요리,29669401992
202206,40대,닭/오리요리,17591207942
202206,40대,별식/퓨전요리,7011960339
202206,40대,분식,13693385369
202206,40대,양식,6322568421
202206,40대,일식/수산물,21793396094
202206,40대,제과/제빵/떡/케익,14525847964
202206,40대,중식,8800308919
202206,40대,커피/음료,26765483825
202206,40대,패스트푸드,11104787837
202206,40대,한식,75635336852
202206,50대+,간이주점,11033126758
202206,50대+,고기요리,42087115244
202206,50대+,닭/오리요리,23967073474
202206,50대+,별식/퓨전요리,10085024656
202206,50대+,분식,17581064065
202206,50대+,양식,5683859553
202206,50대+,일식/수산물,39294430860
202206,50대+,제과/제빵/떡/케익,19352470773
202206,50대+,중식,10393132087
202206,50대+,커피/음료,27251742176
202206,50대+,패스트푸드,9799411116
202206,50대+,한식,124406782767
202207,10대이하,간이주점,317833969
202207,10대이하,고기요리,266016250
202207,10대이하,닭/오리요리,314767377
202207,10대이하,별식/퓨전요리,82213288
202207,10대이하,분식,397247797
202207,10대이하,양식,175056270
202207,10대이하,일식/수산물,154448105
202207,10대이하,제과/제빵/떡/케익,163787120
202207,10대이하,중식,234708369
202207,10대이하,커피/음료,1023094370
202207,10대이하,패스트푸드,407540201
202207,10대이하,한식,838654855
202207,20대,간이주점,12702968597
202207,20대,고기요리,12871933080
202207,20대,닭/오리요리,8718609538
202207,20대,별식/퓨전요리,2926722334
202207,20대,분식,5283697356
202207,20대,양식,3306371281
202207,20대,일식/수산물,7427022873
202207,20대,제과/제빵/떡/케익,4563863167
202207,20대,중식,3320563064
202207,20대,커피/음료,15912502120
202207,20대,패스트푸드,6563319399
202207,20대,한식,31060701333
202207,30대,간이주점,12233175000
202207,30대,고기요리,21787116739
202207,30대,닭/오리요리,12518959983
202207,30대,별식/퓨전요리,5017039195
202207,30대,분식,8872865280
202207,30대,양식,5364881296
202207,30대,일식/수산물,14067159744
202207,30대,제과/제빵/떡/케익,10035418243
202207,30대,중식,6206493810
202207,30대,커피/음료,23347600359
202207,30대,패스트푸드,9339660108
202207,30대,한식,54532742853
202207,40대,간이주점,12415520016
202207,40대,고기요리,29760536781
202207,40대,닭/오리요리,19150487666
202207,40대,별식/퓨전요리,6945951698
202207,40대,분식,14113326821
202207,40대,양식,6775745966
202207,40대,일식/수산물,21666288768
202207,40대,제과/제빵/떡/케익,14180893742
202207,40대,중식,9166167802
202207,40대,커피/음료,27865802446
202207,40대,패스트푸드,11546715206
202207,40대,한식,76981034783
202207,50대+,간이주점,11210855844
202207,50대+,고기요리,42015716853
202207,50대+,닭/오리요리,27263401332
202207,50대+,별식/퓨전요리,9591158139
202207,50대+,분식,17994039432
202207,50대+,양식,5884279712
202207,50대+,일식/수산물,39042602845
202207,50대+,제과/제빵/떡/케익,18583950610
202207,50대+,중식,10628595990
202207,50대+,커피/음료,28269902199
202207,50대+,패스트푸드,10126769047
202207,50대+,한식,126859336542
202208,10대이하,간이주점,289543447
202208,10대이하,고기요리,241497222
202208,10대이하,닭/오리요리,293034744
202208,10대이하,별식/퓨전요리,86298823
202208,10대이하,분식,381245812
202208,10대이하,양식,153180228
202208,10대이하,일식/수산물,142586804
202208,10대이하,제과/제빵/떡/케익,174397400
202208,10대이하,중식,228371378
202208,10대이하,커피/음료,945696842
202208,10대이하,패스트푸드,422178398
202208,10대이하,한식,799857687
202208,20대,간이주점,12410016261
202208,20대,고기요리,12860757476
202208,20대,닭/오리요리,8111246720
202208,20대,별식/퓨전요리,3164924889
202208,20대,분식,5425422743
202208,20대,양식,3395495514
202208,20대,일식/수산물,7576793652
202208,20대,제과/제빵/떡/케익,4823999780
202208,20대,중식,3418477106
202208,20대,커피/음료,15788005412
202208,20대,패스트푸드,6906194752
202208,20대,한식,31561643275
202208,30대,간이주점,11325397158
202208,30대,고기요리,21029640639
202208,30대,닭/오리요리,11131543524
202208,30대,별식/퓨전요리,5321548910
202208,30대,분식,9133139052
202208,30대,양식,5462884107
202208,30대,일식/수산물,13910902673
202208,30대,제과/제빵/떡/케익,10421495629
202208,30대,중식,6171215561
202208,30대,커피/음료,22419809804
202208,30대,패스트푸드,9815265509
202208,30대,한식,53650360820
202208,40대,간이주점,11554484822
202208,40대,고기요리,28907151702
202208,40대,닭/오리요리,16900578789
202208,40대,별식/퓨전요리,7469895978
202208,40대,분식,14611994667
202208,40대,양식,6891192726
202208,40대,일식/수산물,21429835551
202208,40대,제과/제빵/떡/케익,15083811849
202208,40대,중식,9149962280
202208,40대,커피/음료,26523284113
202208,40대,패스트푸드,11889903049
202208,40대,한식,76564882788
202208,50대+,간이주점,10805443517
202208,50대+,고기요리,42441793897
202208,50대+,닭/오리요리,23685562471
202208,50대+,별식/퓨전요리,10801766481
202208,50대+,분식,18498136171
202208,50대+,양식,5890988262
202208,50대+,일식/수산물,39208741174
202208,50대+,제과/제빵/떡/케익,20486451570
202208,50대+,중식,11118599331
202208,50대+,커피/음료,27000076163
202208,50대+,패스트푸드,10678303641
202208,50대+,한식,126780170907
202209,10대이하,간이주점,265123142
202209,10대이하,고기요리,276176630
202209,10대이하,닭/오리요리,311376038
202209,10대이하,별식/퓨전요리,91977063
202209,10대이하,분식,411222261
202209,10대이하,양식,160600382
202209,10대이하,일식/수산물,143328349
202209,10대이하,제과/제빵/떡/케익,197225101
202209,10대이하,중식,265584340
202209,10대이하,커피/음료,1062802942
202209,10대이하,패스트푸드,488232337
202209,10대이하,한식,870144574
202209,20대,간이주점,13027161370
202209,20대,고기요리,13299981654
202209,20대,닭/오리요리,8539123003
202209,20대,별식/퓨전요리,3191336418
202209,20대,분식,5358332640
202209,20대,양식,3429500246
202209,20대,일식/수산물,8639020921
202209,20대,제과/제빵/떡/케익,5068506928
202209,20대,중식,3539496423
202209,20대,커피/음료,16351808715
202209,20대,패스트푸드,7267542941
202209,20대,한식,32777567467
202209,30대,간이주점,11874351424
202209,30대,고기요리,21014497750
202209,30대,닭/오리요리,11094727266
202209,30대,별식/퓨전요리,5229348866
202209,30대,분식,8589007260
202209,30대,양식,5202248244
202209,30대,일식/수산물,15635769268
202209,30대,제과/제빵/떡/케익,11006010489
202209,30대,중식,6106064823
202209,30대,커피/음료,22908873544
202209,30대,패스트푸드,9628386645
202209,30대,한식,52972813101
202209,40대,간이주점,11680919536
202209,40대,고기요리,27138007655
202209,40대,닭/오리요리,16001741256
202209,40대,별식/퓨전요리,7045673574
202209,40대,분식,13123499221
202209,40대,양식,5837173530
202209,40대,일식/수산물,22664856275
202209,40대,제과/제빵/떡/케익,15597285260
202209,40대,중식,8778993044
202209,40대,커피/음료,26361974143
202209,40대,패스트푸드,11244539423
202209,40대,한식,72018753583
202209,50대+,간이주점,10914776699
202209,50대+,고기요리,38950079400
202209,50대+,닭/오리요리,21028687715
202209,50대+,별식/퓨전요리,10359966619
202209,50대+,분식,16874375721
202209,50대+,양식,5268165314
202209,50대+,일식/수산물,42189902223
202209,50대+,제과/제빵/떡/케익,22975358133
202209,50대+,중식,10542995673
202209,50대+,커피/음료,26979712855
202209,50대+,패스트푸드,9924653186
202209,50대+,한식,120217169056
202210,10대이하,간이주점,237717064
202210,10대이하,고기요리,310477199
202210,10대이하,닭/오리요리,323346418
202210,10대이하,별식/퓨전요리,112243862
202210,10대이하,분식,486683145
202210,10대이하,양식,178439262
202210,10대이하,일식/수산물,165108596
202210,10대이하,제과/제빵/떡/케익,202064181
202210,10대이하,중식,294513520
202210,10대이하,커피/음료,1066724255
202210,10대이하,패스트푸드,527829554
202210,10대이하,한식,937293939
202210,20대,간이주점,13282248173
202210,20대,고기요리,14411506988
202210,20대,닭/오리요리,9213601534
202210,20대,별식/퓨전요리,3684799894
202210,20대,분식,6030840523
202210,20대,양식,3684631214
202210,20대,일식/수산물,9347962163
202210,20대,제과/제빵/떡/케익,5245229983
202210,20대,중식,3902580124
202210,20대,커피/음료,16729594590
202210,20대,패스트푸드,7683378264
202210,20대,한식,34903916726
202210,30대,간이주점,12361904785
202210,30대,고기요리,22900444829
202210,30대,닭/오리요리,12314207015
202210,30대,별식/퓨전요리,6118578324
202210,30대,분식,9650889535
202210,30대,양식,5994711702
202210,30대,일식/수산물,16682766884
202210,30대,제과/제빵/떡/케익,11182748684
202210,30대,중식,6742709854
202210,30대,커피/음료,23118875829
202210,30대,패스트푸드,10133060064
202210,30대,한식,58348525959
202210,40대,간이주점,12203606798
202210,40대,고기요리,30727405373
202210,40대,닭/오리요리,17786789943
202210,40대,별식/퓨전요리,8272224542
202210,40대,분식,15012739157
202210,40대,양식,7080229887
202210,40대,일식/수산물,24509986988
202210,40대,제과/제빵/떡/케익,16022243650
202210,40대,중식,9888498332
202210,40대,커피/음료,26818749605
202210,40대,패스트푸드,12028231109
202210,40대,한식,80280639098
202210,50대+,간이주점,11346335447
202210,50대+,고기요리,44922340946
202210,50대+,닭/오리요리,24098711990
202210,50대+,별식/퓨전요리,12159750900
202210,50대+,분식,18721836430
202210,50대+,양식,5895685974
202210,50대+,일식/수산물,44313519526
202210,50대+,제과/제빵/떡/케익,22116240076
202210,50대+,중식,11802669058
202210,50대+,커피/음료,27931150789
202210,50대+,패스트푸드,10624579434
202210,50대+,한식,133771447111
202211,10대이하,간이주점,267142597
202211,10대이하,고기요리,286500223
202211,10대이하,닭/오리요리,348347995
202211,10대이하,별식/퓨전요리,104659129
202211,10대이하,분식,433556028
202211,10대이하,양식,174767911
202211,10대이하,일식/수산물,156315372
202211,10대이하,제과/제빵/떡/케익,177172756
202211,10대이하,중식,274109161
202211,10대이하,커피/음료,953876107
202211,10대이하,패스트푸드,474711155
202211,10대이하,한식,882615549
202211,20대,간이주점,12458862281
202211,20대,고기요리,13247215026
202211,20대,닭/오리요리,8674488988
202211,20대,별식/퓨전요리,3403074716
202211,20대,분식,5557951515
202211,20대,양식,3380092789
202211,20대,일식/수산물,8246706421
202211,20대,제과/제빵/떡/케익,4766143491
202211,20대,중식,3733110919
202211,20대,커피/음료,14858855452
202211,20대,패스트푸드,7095573250
202211,20대,한식,31803321306
202211,30대,간이주점,11123489055
202211,30대,고기요리,20781460225
202211,30대,닭/오리요리,11374943955
202211,30대,별식/퓨전요리,5559071202
202211,30대,분식,8492671875
202211,30대,양식,5312278826
202211,30대,일식/수산물,14534818227
202211,30대,제과/제빵/떡/케익,10156999143
202211,30대,중식,6318147319
202211,30대,커피/음료,20656029221
202211,30대,패스트푸드,9016780505
202211,30대,한식,52291216345
202211,40대,간이주점,10807468000
202211,40대,고기요리,27449958142
202211,40대,닭/오리요리,16723758604
202211,40대,별식/퓨전요리,7683796408
202211,40대,분식,13230139822
202211,40대,양식,6154297457
202211,40대,일식/수산물,21154691810
202211,40대,제과/제빵/떡/케익,14973359717
202211,40대,중식,9141192983
202211,40대,커피/음료,23768608078
202211,40대,패스트푸드,10939494854
202211,40대,한식,72283475760
202211,50대+,간이주점,10255241839
202211,50대+,고기요리,39861206732
202211,50대+,닭/오리요리,22674584756
202211,50대+,별식/퓨전요리,11393225343
202211,50대+,분식,16485834374
202211,50대+,양식,5321998259
202211,50대+,일식/수산물,39258610659
202211,50대+,제과/제빵/떡/케익,21111732106
202211,50대+,중식,10982369409
202211,50대+,커피/음료,25105777419
202211,50대+,패스트푸드,9882383841
202211,50대+,한식,120396717323
202212,10대이하,간이주점,268823616
202212,10대이하,고기요리,331195069
202212,10대이하,닭/오리요리,379383933
202212,10대이하,별식/퓨전요리,119614251
202212,10대이하,분식,471188872
202212,10대이하,양식,202064261
202212,10대이하,일식/수산물,174670328
202212,10대이하,제과/제빵/떡/케익,208210220
202212,10대이하,중식,291650791
202212,10대이하,커피/음료,1008461861
202212,10대이하,패스트푸드,466881009
202212,10대이하,한식,948979610
202212,20대,간이주점,12887576080
202212,20대,고기요리,13712889460
202212,20대,닭/오리요리,8669069746
202212,20대,별식/퓨전요리,3674608840
202212,20대,분식,5509455513
202212,20대,양식,3800180508
202212,20대,일식/수산물,9220107132
202212,20대,제과/제빵/떡/케익,5453547492
202212,20대,중식,3879151090
202212,20대,커피/음료,15160772198
202212,20대,패스트푸드,7028042202
202212,20대,한식,33960939937
202212,30대,간이주점,11882420863
202212,30대,고기요리,22980620878
202212,30대,닭/오리요리,11239025609
202212,30대,별식/퓨전요리,6097863514
202212,30대,분식,8577388457
202212,30대,양식,6276980008
202212,30대,일식/수산물,16997390390
202212,30대,제과/제빵/떡/케익,11458978433
202212,30대,중식,6742437696
202212,30대,커피/음료,20593534126
202212,30대,패스트푸드,9482296839
202212,30대,한식,56473231021
202212,40대,간이주점,11917139080
202212,40대,고기요리,31082706819
202212,40대,닭/오리요리,16930490129
202212,40대,별식/퓨전요리,8649065206
202212,40대,분식,13398614887
202212,40대,양식,7447058135
202212,40대,일식/수산물,25312733279
202212,40대,제과/제빵/떡/케익,16778417869
202212,40대,중식,10042745060
202212,40대,커피/음료,23834870506
202212,40대,패스트푸드,11541996946
202212,40대,한식,79415128213
202212,50대+,간이주점,11130710503
202212,50대+,고기요리,45814837387
202212,50대+,닭/오리요리,23833178214
202212,50대+,별식/퓨전요리,13061906100
202212,50대+,분식,16446480239
202212,50대+,양식,6386420113
202212,50대+,일식/수산물,46978643921
202212,50대+,제과/제빵/떡/케익,23655612605
202212,50대+,중식,11846503692
202212,50대+,커피/음료,24031574031
202212,50대+,패스트푸드,10390380314
202212,50대+,한식,129379968285
202301,10대이하,간이주점,750674229
202301,10대이하,고기요리,291461886
202301,10대이하,닭/오리요리,334401734
202301,10대이하,별식/퓨전요리,90430040
202301,10대이하,분식,386522314
202301,10대이하,양식,158787115
202301,10대이하,일식/수산물,148709296
202301,10대이하,제과/제빵/떡/케익,163045220
202301,10대이하,중식,237583515
202301,10대이하,커피/음료,863467927
202301,10대이하,패스트푸드,400999744
202301,10대이하,한식,905159219
202301,20대,간이주점,13160447890
202301,20대,고기요리,12531857002
202301,20대,닭/오리요리,7963683431
202301,20대,별식/퓨전요리,3270553722
202301,20대,분식,5011873394
202301,20대,양식,3385871318
202301,20대,일식/수산물,7875487992
202301,20대,제과/제빵/떡/케익,4540733006
202301,20대,중식,3554862729
202301,20대,커피/음료,14429202124
202301,20대,패스트푸드,6482905806
202301,20대,한식,30946810401
202301,30대,간이주점,11432721311
202301,30대,고기요리,20287236204
202301,30대,닭/오리요리,10580427359
202301,30대,별식/퓨전요리,5682980705
202301,30대,분식,8203660477
202301,30대,양식,5432418078
202301,30대,일식/수산물,14838028261
202301,30대,제과/제빵/떡/케익,10094730211
202301,30대,중식,6472409954
202301,30대,커피/음료,20101992876
202301,30대,패스트푸드,9083642943
202301,30대,한식,52185183087
202301,40대,간이주점,11173933870
202301,40대,고기요리,26568865801
202301,40대,닭/오리요리,15241091228
202301,40대,별식/퓨전요리,7690494741
202301,40대,분식,12934119747
202301,40대,양식,7022745152
202301,40대,일식/수산물,21731910900
202301,40대,제과/제빵/떡/케익,14613810779
202301,40대,중식,9611917414
202301,40대,커피/음료,22536259879
202301,40대,패스트푸드,11185725256
202301,40대,한식,70785332946
202301,50대+,간이주점,10514601080
202301,50대+,고기요리,38759697045
202301,50대+,닭/오리요리,21060578028
202301,50대+,별식/퓨전요리,11670883721
202301,50대+,분식,15979102913
202301,50대+,양식,5668668508
202301,50대+,일식/수산물,41394885056
202301,50대+,제과/제빵/떡/케익,22673040062
202301,50대+,중식,11459801302
202301,50대+,커피/음료,22719353086
202301,50대+,패스트푸드,10044232779
202301,50대+,한식,117251342335
202302,10대이하,간이주점,526248708
202302,10대이하,고기요리,285903568
202302,10대이하,닭/오리요리,331537457
202302,10대이하,별식/퓨전요리,88134913
202302,10대이하,분식,401002029
202302,10대이하,양식,157148988
202302,10대이하,일식/수산물,150899720
202302,10대이하,제과/제빵/떡/케익,174419418
202302,10대이하,중식,220829613
202302,10대이하,커피/음료,834014143
202302,10대이하,패스트푸드,424232107
202302,10대이하,한식,864250927
202302,20대,간이주점,11766738760
202302,20대,고기요리,12245045104
202302,20대,닭/오리요리,7531325321
202302,20대,별식/퓨전요리,3102394378
202302,20대,분식,5056798154
202302,20대,양식,3342340083
202302,20대,일식/수산물,7548558087
202302,20대,제과/제빵/떡/케익,4471029969
202302,20대,중식,3507768742
202302,20대,커피/음료,13969268470
202302,20대,패스트푸드,6425268043
202302,20대,한식,29752174816
202302,30대,간이주점,11016054881
202302,30대,고기요리,20450779172
202302,30대,닭/오리요리,10372778648
202302,30대,별식/퓨전요리,5435318366
202302,30대,분식,8365595557
202302,30대,양식,5687108827
202302,30대,일식/수산물,13946727664
202302,30대,제과/제빵/떡/케익,9757274771
202302,30대,중식,6326327436
202302,30대,커피/음료,20042487363
202302,30대,패스트푸드,8869704522
202302,30대,한식,51200548979
202302,40대,간이주점,11196224249
202302,40대,고기요리,27672622809
202302,40대,닭/오리요리,15649657575
202302,40대,별식/퓨전요리,7651722354
202302,40대,분식,13341929613
202302,40대,양식,6959426122
202302,40대,일식/수산물,20703714001
202302,40대,제과/제빵/떡/케익,13996825569
202302,40대,중식,9288853117
202302,40대,커피/음료,22570048839
202302,40대,패스트푸드,10943879793
202302,40대,한식,70556925869
202302,50대+,간이주점,10579549477
202302,50대+,고기요리,39311810608
202302,50대+,닭/오리요리,21851987178
202302,50대+,별식/퓨전요리,11702495069
202302,50대+,분식,16473392731
202302,50대+,양식,5863914710
202302,50대+,일식/수산물,38485938104
202302,50대+,제과/제빵/떡/케익,20153496227
202302,50대+,중식,11293259284
202302,50대+,커피/음료,23247088526
202302,50대+,패스트푸드,9739864763
202302,50대+,한식,117424534073
202303,10대이하,간이주점,412735632
202303,10대이하,고기요리,261853629
202303,10대이하,닭/오리요리,314349873
202303,10대이하,별식/퓨전요리,88982953
202303,10대이하,분식,417098794
202303,10대이하,양식,156717361
202303,10대이하,일식/수산물,139733330
202303,10대이하,제과/제빵/떡/케익,182847894
202303,10대이하,중식,246566560
202303,10대이하,커피/음료,937693270
202303,10대이하,패스트푸드,468364208
202303,10대이하,한식,912180500
202303,20대,간이주점,13079695935
202303,20대,고기요리,13671480664
202303,20대,닭/오리요리,8653741718
202303,20대,별식/퓨전요리,3475548677
202303,20대,분식,5928507715
202303,20대,양식,3687672937
202303,20대,일식/수산물,8043018349
202303,20대,제과/제빵/떡/케익,5097388243
202303,20대,중식,3956810811
202303,20대,커피/음료,16339712075
202303,20대,패스트푸드,7785436920
202303,20대,한식,33913782770
202303,30대,간이주점,12260712118
202303,30대,고기요리,23206309141
202303,30대,닭/오리요리,11703167835
202303,30대,별식/퓨전요리,6148192830
202303,30대,분식,9712663873
202303,30대,양식,6077177875
202303,30대,일식/수산물,15217245220
202303,30대,제과/제빵/떡/케익,10963672842
202303,30대,중식,6846630746
202303,30대,커피/음료,23671158211
202303,30대,패스트푸드,10135627106
202303,30대,한식,57786589152
202303,40대,간이주점,12662697471
202303,40대,고기요리,30226217969
202303,40대,닭/오리요리,17310842339
202303,40대,별식/퓨전요리,8375873161
202303,40대,분식,15028533571
202303,40대,양식,7080367613
202303,40대,일식/수산물,22791940991
202303,40대,제과/제빵/떡/케익,16094139841
202303,40대,중식,9849883444
202303,40대,커피/음료,27323169006
202303,40대,패스트푸드,11865445785
202303,40대,한식,80081580165
202303,50대+,간이주점,12193394477
202303,50대+,고기요리,43884427840
202303,50대+,닭/오리요리,24916556855
202303,50대+,별식/퓨전요리,13114359096
202303,50대+,분식,19821764801
202303,50대+,양식,6262706708
202303,50대+,일식/수산물,43795884150
202303,50대+,제과/제빵/떡/케익,23309235320
202303,50대+,중식,12240147811
202303,50대+,커피/음료,29353597398
202303,50대+,패스트푸드,11006752199
202303,50대+,한식,136956755255
202304,10대이하,간이주점,344785711
202304,10대이하,고기요리,253742655
202304,10대이하,닭/오리요리,296691667
202304,10대이하,별식/퓨전요리,95747100
202304,10대이하,분식,430766698
202304,10대이하,양식,147310671
202304,10대이하,일식/수산물,135870831
202304,10대이하,제과/제빵/떡/케익,170456965
202304,10대이하,중식,263737441
202304,10대이하,커피/음료,1036169031
202304,10대이하,패스트푸드,510132511
202304,10대이하,한식,879334969
202304,20대,간이주점,12426158435
202304,20대,고기요리,13023606242
202304,20대,닭/오리요리,8257437805
202304,20대,별식/퓨전요리,3389888291
202304,20대,분식,5850921773
202304,20대,양식,3471540444
202304,20대,일식/수산물,7687172729
202304,20대,제과/제빵/떡/케익,5025436679
202304,20대,중식,3830818085
202304,20대,커피/음료,16119026299
202304,20대,패스트푸드,7625756765
202304,20대,한식,33167168894
202304,30대,간이주점,12667135214
202304,30대,고기요리,22598350619
202304,30대,닭/오리요리,12057099240
202304,30대,별식/퓨전요리,6194397768
202304,30대,분식,10071668932
202304,30대,양식,5991382814
202304,30대,일식/수산물,14842939759
202304,30대,제과/제빵/떡/케익,10950271613
202304,30대,중식,6755100864
202304,30대,커피/음료,23731188770
202304,30대,패스트푸드,10080338517
202304,30대,한식,58318336653
202304,40대,간이주점,12914760630
202304,40대,고기요리,30206142238
202304,40대,닭/오리요리,17645078856
202304,40대,별식/퓨전요리,8458990435
202304,40대,분식,15649563081
202304,40대,양식,7002752675
202304,40대,일식/수산물,22241751678
202304,40대,제과/제빵/떡/케익,16077228196
202304,40대,중식,10064591377
202304,40대,커피/음료,28066270033
202304,40대,패스트푸드,12166254115
202304,40대,한식,79934786750
202304,50대+,간이주점,12409168524
202304,50대+,고기요리,44651062943
202304,50대+,닭/오리요리,25362692026
202304,50대+,별식/퓨전요리,12883221698
202304,50대+,분식,20551737533
202304,50대+,양식,6128538041
202304,50대+,일식/수산물,42974332550
202304,50대+,제과/제빵/떡/케익,23490086147
202304,50대+,중식,12254908952
202304,50대+,커피/음료,30091639201
202304,50대+,패스트푸드,11416447423
202304,50대+,한식,136639447321
202305,10대이하,간이주점,368294980
202305,10대이하,고기요리,292243681
202305,10대이하,닭/오리요리,323843631
202305,10대이하,별식/퓨전요리,96698892
202305,10대이하,분식,434062249
202305,10대이하,양식,161033527
202305,10대이하,일식/수산물,143375424
202305,10대이하,제과/제빵/떡/케익,219618694
202305,10대이하,중식,264661691
202305,10대이하,커피/음료,1054908908
202305,10대이하,패스트푸드,480093305
202305,10대이하,한식,967401183
202305,20대,간이주점,13188236515
202305,20대,고기요리,13449319101
202305,20대,닭/오리요리,8930552000
202305,20대,별식/퓨전요리,3454028362
202305,20대,분식,6092142470
202305,20대,양식,3802892933
202305,20대,일식/수산물,8360867361
202305,20대,제과/제빵/떡/케익,5196682373
202305,20대,중식,3912074731
202305,20대,커피/음료,16937843310
202305,20대,패스트푸드,7764529762
202305,20대,한식,35225469727
202305,30대,간이주점,13204383603
202305,30대,고기요리,23970520902
202305,30대,닭/오리요리,13028905304
202305,30대,별식/퓨전요리,6269676522
202305,30대,분식,10508226614
202305,30대,양식,6600356378
202305,30대,일식/수산물,16338099892
202305,30대,제과/제빵/떡/케익,11438728076
202305,30대,중식,7037634352
202305,30대,커피/음료,25550923576
202305,30대,패스트푸드,10460316473
202305,30대,한식,62492576387
202305,40대,간이주점,13401945345
202305,40대,고기요리,31485838790
202305,40대,닭/오리요리,19034577880
202305,40대,별식/퓨전요리,8574663957
202305,40대,분식,16177086650
202305,40대,양식,7816612790
202305,40대,일식/수산물,23707995453
202305,40대,제과/제빵/떡/케익,16478103847
202305,40대,중식,10177846370
202305,40대,커피/음료,30498332665
202305,40대,패스트푸드,12526865099
202305,40대,한식,84707716058
202305,50대+,간이주점,13283235537
202305,50대+,고기요리,46454042729
202305,50대+,닭/오리요리,27698829461
202305,50대+,별식/퓨전요리,13058081148
202305,50대+,분식,21896322031
202305,50대+,양식,6858136961
202305,50대+,일식/수산물,44300173389
202305,50대+,제과/제빵/떡/케익,24212286172
202305,50대+,중식,12546184335
202305,50대+,커피/음료,32460678894
202305,50대+,패스트푸드,11748996441
202305,50대+,한식,145134133542
202306,10대이하,간이주점,303227257
202306,10대이하,고기요리,251991367
202306,10대이하,닭/오리요리,273115333
202306,10대이하,별식/퓨전요리,86951395
202306,10대이하,분식,412100006
202306,10대이하,양식,142861844
202306,10대이하,일식/수산물,130393904
202306,10대이하,제과/제빵/떡/케익,153367964
202306,10대이하,중식,251363783
202306,10대이하,커피/음료,1081667950
202306,10대이하,패스트푸드,468091575
202306,10대이하,한식,826550187
202306,20대,간이주점,12723668574
202306,20대,고기요리,12664826462
202306,20대,닭/오리요리,8383324774
202306,20대,별식/퓨전요리,3216268296
202306,20대,분식,5840699264
202306,20대,양식,3556099187
202306,20대,일식/수산물,7223954165
202306,20대,제과/제빵/떡/케익,4692948642
202306,20대,중식,3720130289
202306,20대,커피/음료,16868413724
202306,20대,패스트푸드,7481328977
202306,20대,한식,33101564531
202306,30대,간이주점,13380127945
202306,30대,고기요리,22371460430
202306,30대,닭/오리요리,12495891983
202306,30대,별식/퓨전요리,5793591845
202306,30대,분식,10203536940
202306,30대,양식,6070686567
202306,30대,일식/수산물,14267941249
202306,30대,제과/제빵/떡/케익,10490017933
202306,30대,중식,6783159526
202306,30대,커피/음료,25214442153
202306,30대,패스트푸드,10174523109
202306,30대,한식,59400319119
202306,40대,간이주점,14110091714
202306,40대,고기요리,29581949730
202306,40대,닭/오리요리,18866623741
202306,40대,별식/퓨전요리,7961256459
202306,40대,분식,15910334827
202306,40대,양식,7186802882
202306,40대,일식/수산물,21175253035
202306,40대,제과/제빵/떡/케익,15186569547
202306,40대,중식,10003216809
202306,40대,커피/음료,30699133506
202306,40대,패스트푸드,12287201918
202306,40대,한식,80358957217
202306,50대+,간이주점,13746441238
202306,50대+,고기요리,45052355731
202306,50대+,닭/오리요리,27918080900
202306,50대+,별식/퓨전요리,12160839511
202306,50대+,분식,22002438749
202306,50대+,양식,6844619972
202306,50대+,일식/수산물,41493909337
202306,50대+,제과/제빵/떡/케익,22525106769
202306,50대+,중식,12165135362
202306,50대+,커피/음료,33354891439
202306,50대+,패스트푸드,11517125737
202306,50대+,한식,142385780520
202307,10대이하,간이주점,235651044
202307,10대이하,고기요리,230046565
202307,10대이하,닭/오리요리,230520021
202307,10대이하,별식/퓨전요리,80297375
202307,10대이하,분식,406324960
202307,10대이하,양식,139100626
202307,10대이하,일식/수산물,116869092
202307,10대이하,제과/제빵/떡/케익,133662274
202307,10대이하,중식,217887175
202307,10대이하,커피/음료,943826091
202307,10대이하,패스트푸드,393496064
202307,10대이하,한식,728572206
202307,20대,간이주점,12417652221
202307,20대,고기요리,12453916271
202307,20대,닭/오리요리,8314936536
202307,20대,별식/퓨전요리,3214446238
202307,20대,분식,5713435469
202307,20대,양식,3515842341
202307,20대,일식/수산물,7148509875
202307,20대,제과/제빵/떡/케익,4460817283
202307,20대,중식,3700201250
202307,20대,커피/음료,16759563525
202307,20대,패스트푸드,7145111420
202307,20대,한식,32627016011
202307,30대,간이주점,13340978525
202307,30대,고기요리,21888918184
202307,30대,닭/오리요리,12772666546
202307,30대,별식/퓨전요리,5938081742
202307,30대,분식,10093811176
202307,30대,양식,6137061082
202307,30대,일식/수산물,14059746825
202307,30대,제과/제빵/떡/케익,10424538832
202307,30대,중식,7098837111
202307,30대,커피/음료,25662110055
202307,30대,패스트푸드,10220610944
202307,30대,한식,59605929696
202307,40대,간이주점,14170653736
202307,40대,고기요리,30538826472
202307,40대,닭/오리요리,19649460324
202307,40대,별식/퓨전요리,8198156504
202307,40대,분식,16235280663
202307,40대,양식,7788175226
202307,40대,일식/수산물,21265093190
202307,40대,제과/제빵/떡/케익,14960438362
202307,40대,중식,10549616647
202307,40대,커피/음료,31233552506
202307,40대,패스트푸드,12721199624
202307,40대,한식,83045329793
202307,50대+,간이주점,14089767677
202307,50대+,고기요리,47696084603
202307,50대+,닭/오리요리,31341017603
202307,50대+,별식/퓨전요리,12492806414
202307,50대+,분식,22621863034
202307,50대+,양식,7320782247
202307,50대+,일식/수산물,41510227259
202307,50대+,제과/제빵/떡/케익,21889247116
202307,50대+,중식,12976215148
202307,50대+,커피/음료,33923019019
202307,50대+,패스트푸드,12066235404
202307,50대+,한식,146801472581
202308,10대이하,간이주점,205882864
202308,10대이하,고기요리,201983361
202308,10대이하,닭/오리요리,232641681
202308,10대이하,별식/퓨전요리,79479186
202308,10대이하,분식,371404368
202308,10대이하,양식,121152569
202308,10대이하,일식/수산물,122366198
202308,10대이하,제과/제빵/떡/케익,140013855
202308,10대이하,중식,201890946
202308,10대이하,커피/음료,904893190
202308,10대이하,패스트푸드,385186986
202308,10대이하,한식,689071142
202308,20대,간이주점,12009104297
202308,20대,고기요리,12268913365
202308,20대,닭/오리요리,7798808485
202308,20대,별식/퓨전요리,3266448084
202308,20대,분식,5841803505
202308,20대,양식,3532374754
202308,20대,일식/수산물,7405387972
202308,20대,제과/제빵/떡/케익,4560404633
202308,20대,중식,3694749814
202308,20대,커피/음료,16976221333
202308,20대,패스트푸드,7233415032
202308,20대,한식,32333401466
202308,30대,간이주점,12868220392
202308,30대,고기요리,21934420357
202308,30대,닭/오리요리,11468975019
202308,30대,별식/퓨전요리,5959664410
202308,30대,분식,10307294727
202308,30대,양식,6230076684
202308,30대,일식/수산물,14222498845
202308,30대,제과/제빵/떡/케익,10345750157
202308,30대,중식,6993189920
202308,30대,커피/음료,25617561337
202308,30대,패스트푸드,10354314481
202308,30대,한식,58865391077
202308,40대,간이주점,13626425616
202308,40대,고기요리,29996061217
202308,40대,닭/오리요리,17917938886
202308,40대,별식/퓨전요리,8451681445
202308,40대,분식,16564927241
202308,40대,양식,7881496343
202308,40대,일식/수산물,21499603241
202308,40대,제과/제빵/떡/케익,15198656371
202308,40대,중식,10402182905
202308,40대,커피/음료,31077100312
202308,40대,패스트푸드,12726044483
202308,40대,한식,82165439386
202308,50대+,간이주점,13750285596
202308,50대+,고기요리,47613061618
202308,50대+,닭/오리요리,27832951879
202308,50대+,별식/퓨전요리,12943447246
202308,50대+,분식,23291140902
202308,50대+,양식,7401181731
202308,50대+,일식/수산물,42478307339
202308,50대+,제과/제빵/떡/케익,22911365911
202308,50대+,중식,13166456825
202308,50대+,커피/음료,34388248336
202308,50대+,패스트푸드,12420021197
202308,50대+,한식,147030038131
202309,10대이하,간이주점,210871218
202309,10대이하,고기요리,224922837
202309,10대이하,닭/오리요리,255054819
202309,10대이하,별식/퓨전요리,86953910
202309,10대이하,분식,385591074
202309,10대이하,양식,124370025
202309,10대이하,일식/수산물,121774415
202309,10대이하,제과/제빵/떡/케익,155056746
202309,10대이하,중식,229148600
202309,10대이하,커피/음료,925847629
202309,10대이하,패스트푸드,425325284
202309,10대이하,한식,748773243
202309,20대,간이주점,12659326936
202309,20대,고기요리,12551068557
202309,20대,닭/오리요리,8177511065
202309,20대,별식/퓨전요리,3413408994
202309,20대,분식,5764377569
202309,20대,양식,3442371246
202309,20대,일식/수산물,7977046292
202309,20대,제과/제빵/떡/케익,4880238968
202309,20대,중식,3747271875
202309,20대,커피/음료,16775259436
202309,20대,패스트푸드,7278949146
202309,20대,한식,33502388218
202309,30대,간이주점,13267282057
202309,30대,고기요리,22002474259
202309,30대,닭/오리요리,11586447469
202309,30대,별식/퓨전요리,6098738003
202309,30대,분식,9739868019
202309,30대,양식,6032664948
202309,30대,일식/수산물,15181774261
202309,30대,제과/제빵/떡/케익,11290614765
202309,30대,중식,6856191550
202309,30대,커피/음료,24873244638
202309,30대,패스트푸드,9971765811
202309,30대,한식,58950538321
202309,40대,간이주점,13388700138
202309,40대,고기요리,29196072654
202309,40대,닭/오리요리,17037268227
202309,40대,별식/퓨전요리,8378694331
202309,40대,분식,15280657263
202309,40대,양식,6856059842
202309,40대,일식/수산물,21547863555
202309,40대,제과/제빵/떡/케익,16308940682
202309,40대,중식,9937838635
202309,40대,커피/음료,29342276952
202309,40대,패스트푸드,12000339477
202309,40대,한식,79282056777
202309,50대+,간이주점,13621824605
202309,50대+,고기요리,46453199032
202309,50대+,닭/오리요리,25271512757
202309,50대+,별식/퓨전요리,13051050005
202309,50대+,분식,21247885112
202309,50대+,양식,6505101530
202309,50대+,일식/수산물,44160756783
202309,50대+,제과/제빵/떡/케익,27000053057
202309,50대+,중식,12617283552
202309,50대+,커피/음료,32494044314
202309,50대+,패스트푸드,11642997029
202309,50대+,한식,143471151374
202310,10대이하,간이주점,199257292
202310,10대이하,고기요리,275958590
202310,10대이하,닭/오리요리,303464142
202310,10대이하,별식/퓨전요리,113058729
202310,10대이하,분식,460464241
202310,10대이하,양식,150182673
202310,10대이하,일식/수산물,141655908
202310,10대이하,제과/제빵/떡/케익,174775311
202310,10대이하,중식,260787750
202310,10대이하,커피/음료,997688289
202310,10대이하,패스트푸드,482382927
202310,10대이하,한식,845102375
202310,20대,간이주점,12376929278
202310,20대,고기요리,12812629399
202310,20대,닭/오리요리,8819283991
202310,20대,별식/퓨전요리,3870574781
202310,20대,분식,6239017034
202310,20대,양식,3529004680
202310,20대,일식/수산물,8332227035
202310,20대,제과/제빵/떡/케익,4990402764
202310,20대,중식,3942472006
202310,20대,커피/음료,17116971407
202310,20대,패스트푸드,7741222954
202310,20대,한식,34814542952
202310,30대,간이주점,13283448858
202310,30대,고기요리,22157244603
202310,30대,닭/오리요리,12401920364
202310,30대,별식/퓨전요리,6814788533
202310,30대,분식,10510958955
202310,30대,양식,6375610437
202310,30대,일식/수산물,15468765067
202310,30대,제과/제빵/떡/케익,11142475911
202310,30대,중식,7131754857
202310,30대,커피/음료,24833570975
202310,30대,패스트푸드,10317988203
202310,30대,한식,60815323441
202310,40대,간이주점,13225797767
202310,40대,고기요리,29610221575
202310,40대,닭/오리요리,17882093264
202310,40대,별식/퓨전요리,9472355556
202310,40대,분식,16267333269
202310,40대,양식,7411823154
202310,40대,일식/수산물,21832178570
202310,40대,제과/제빵/떡/케익,16309977231
202310,40대,중식,10385613458
202310,40대,커피/음료,28863828406
202310,40대,패스트푸드,12379487137
202310,40대,한식,82257210553
202310,50대+,간이주점,13308077509
202310,50대+,고기요리,45606891205
202310,50대+,닭/오리요리,25741381564
202310,50대+,별식/퓨전요리,14762538169
202310,50대+,분식,22132206067
202310,50대+,양식,6710209938
202310,50대+,일식/수산물,43968000925
202310,50대+,제과/제빵/떡/케익,24669131981
202310,50대+,중식,13317628010
202310,50대+,커피/음료,32258241700
202310,50대+,패스트푸드,11938027658
202310,50대+,한식,147548898644
202311,10대이하,간이주점,206168428
202311,10대이하,고기요리,257823464
202311,10대이하,닭/오리요리,276673646
202311,10대이하,별식/퓨전요리,108488249
202311,10대이하,분식,420748511
202311,10대이하,양식,144265894
202311,10대이하,일식/수산물,138078573
202311,10대이하,제과/제빵/떡/케익,159267156
202311,10대이하,중식,241081051
202311,10대이하,커피/음료,846757380
202311,10대이하,패스트푸드,432768438
202311,10대이하,한식,802905162
202311,20대,간이주점,11266108726
202311,20대,고기요리,11935791455
202311,20대,닭/오리요리,7889275603
202311,20대,별식/퓨전요리,3655364857
202311,20대,분식,5756240244
202311,20대,양식,3186630737
202311,20대,일식/수산물,7806468309
202311,20대,제과/제빵/떡/케익,4734854874
202311,20대,중식,3744274933
202311,20대,커피/음료,14716788494
202311,20대,패스트푸드,6865665192
202311,20대,한식,32113413176
202311,30대,간이주점,11652240759
202311,30대,고기요리,20572583242
202311,30대,닭/오리요리,10729200849
202311,30대,별식/퓨전요리,6340175086
202311,30대,분식,9273577245
202311,30대,양식,5503348850
202311,30대,일식/수산물,14086790131
202311,30대,제과/제빵/떡/케익,10533908014
202311,30대,중식,6488217437
202311,30대,커피/음료,21354173985
202311,30대,패스트푸드,8949160101
202311,30대,한식,55035376597
202311,40대,간이주점,11756012028
202311,40대,고기요리,27192853708
202311,40대,닭/오리요리,15762237204
202311,40대,별식/퓨전요리,8938241553
202311,40대,분식,14235109896
202311,40대,양식,6535484967
202311,40대,일식/수산물,20007444941
202311,40대,제과/제빵/떡/케익,15609899886
202311,40대,중식,9440183837
202311,40대,커피/음료,24905109471
202311,40대,패스트푸드,10922762799
202311,40대,한식,74585734702
202311,50대+,간이주점,11759397354
202311,50대+,고기요리,42472763303
202311,50대+,닭/오리요리,23601342200
202311,50대+,별식/퓨전요리,14079437739
202311,50대+,분식,19485117520
202311,50대+,양식,6230998175
202311,50대+,일식/수산물,41069980183
202311,50대+,제과/제빵/떡/케익,24428197490
202311,50대+,중식,12223497802
202311,50대+,커피/음료,28331642053
202311,50대+,패스트푸드,10850444071
202311,50대+,한식,134403154135
202312,10대이하,간이주점,226117208
202312,10대이하,고기요리,299843463
202312,10대이하,닭/오리요리,261848299
202312,10대이하,별식/퓨전요리,115715480
202312,10대이하,분식,444515382
202312,10대이하,양식,162856040
202312,10대이하,일식/수산물,148883590
202312,10대이하,제과/제빵/떡/케익,185297537
202312,10대이하,중식,244270255
202312,10대이하,커피/음료,932372680
202312,10대이하,패스트푸드,414302816
202312,10대이하,한식,848859191
202312,20대,간이주점,12235475413
202312,20대,고기요리,12881984366
202312,20대,닭/오리요리,6821466371
202312,20대,별식/퓨전요리,3866685192
202312,20대,분식,5797791774
202312,20대,양식,3754743883
202312,20대,일식/수산물,9032060354
202312,20대,제과/제빵/떡/케익,5394300002
202312,20대,중식,3867755848
202312,20대,커피/음료,15899081830
202312,20대,패스트푸드,6816740310
202312,20대,한식,34828983966
202312,30대,간이주점,13127115086
202312,30대,고기요리,22799500688
202312,30대,닭/오리요리,9491106074
202312,30대,별식/퓨전요리,6799155372
202312,30대,분식,9429860833
202312,30대,양식,6849486795
202312,30대,일식/수산물,16932049272
202312,30대,제과/제빵/떡/케익,11896771320
202312,30대,중식,7137926706
202312,30대,커피/음료,22662083646
202312,30대,패스트푸드,9532075297
202312,30대,한식,60536222911
202312,40대,간이주점,13697135910
202312,40대,고기요리,31869683258
202312,40대,닭/오리요리,15006452270
202312,40대,별식/퓨전요리,9682586303
202312,40대,분식,14822374884
202312,40대,양식,8681827489
202312,40대,일식/수산물,25046990043
202312,40대,제과/제빵/떡/케익,17283016580
202312,40대,중식,10643479644
202312,40대,커피/음료,26241682299
202312,40대,패스트푸드,11787596648
202312,40대,한식,83208616456
202312,50대+,간이주점,13976097357
202312,50대+,고기요리,51650623117
202312,50대+,닭/오리요리,23028799866
202312,50대+,별식/퓨전요리,15843730633
202312,50대+,분식,20005769519
202312,50대+,양식,8006553369
202312,50대+,일식/수산물,51547424643
202312,50대+,제과/제빵/떡/케익,27344976078
202312,50대+,중식,13832210716
202312,50대+,커피/음료,29593810763
202312,50대+,패스트푸드,11824771655
202312,50대+,한식,148399700004
202401,10대이하,간이주점,515794612
202401,10대이하,고기요리,236119090
202401,10대이하,닭/오리요리,215304262
202401,10대이하,별식/퓨전요리,97669929
202401,10대이하,분식,354205132
202401,10대이하,양식,119048023
202401,10대이하,일식/수산물,107570367
202401,10대이하,제과/제빵/떡/케익,135836622
202401,10대이하,중식,183299599
202401,10대이하,커피/음료,709894157
202401,10대이하,패스트푸드,343079647
202401,10대이하,한식,742622162
202401,20대,간이주점,11347244246
202401,20대,고기요리,10990384083
202401,20대,닭/오리요리,6064157383
202401,20대,별식/퓨전요리,3309666390
202401,20대,분식,5077917518
202401,20대,양식,2969500985
202401,20대,일식/수산물,6649344537
202401,20대,제과/제빵/떡/케익,4314495055
202401,20대,중식,3332496537
202401,20대,커피/음료,13499430593
202401,20대,패스트푸드,6051087819
202401,20대,한식,28755612795
202401,30대,간이주점,12101137693
202401,30대,고기요리,21263591683
202401,30대,닭/오리요리,9154797929
202401,30대,별식/퓨전요리,6447372043
202401,30대,분식,9168965213
202401,30대,양식,5688064828
202401,30대,일식/수산물,14016313713
202401,30대,제과/제빵/떡/케익,10341622161
202401,30대,중식,6621721797
202401,30대,커피/음료,21334801100
202401,30대,패스트푸드,9284677668
202401,30대,한식,54798695107
202401,40대,간이주점,12309549326
202401,40대,고기요리,28512125698
202401,40대,닭/오리요리,14057174404
202401,40대,별식/퓨전요리,8978833297
202401,40대,분식,14397425334
202401,40대,양식,7605036382
202401,40대,일식/수산물,20145142172
202401,40대,제과/제빵/떡/케익,15003873691
202401,40대,중식,10099889105
202401,40대,커피/음료,24343794476
202401,40대,패스트푸드,11459863025
202401,40대,한식,75138928485
202401,50대+,간이주점,12835789345
202401,50대+,고기요리,45225978766
202401,50대+,닭/오리요리,21536682993
202401,50대+,별식/퓨전요리,15071012964
202401,50대+,분식,19691755750
202401,50대+,양식,6982346169
202401,50대+,일식/수산물,42233085899
202401,50대+,제과/제빵/떡/케익,24460063843
202401,50대+,중식,12967445427
202401,50대+,커피/음료,27134419674
202401,50대+,패스트푸드,11440121883
202401,50대+,한식,136095806678
202402,10대이하,간이주점,317664821
202402,10대이하,고기요리,197160757
202402,10대이하,닭/오리요리,207484573
202402,10대이하,별식/퓨전요리,81847212
202402,10대이하,분식,301634191
202402,10대이하,양식,118520565
202402,10대이하,일식/수산물,103486060
202402,10대이하,제과/제빵/떡/케익,128997685
202402,10대이하,중식,162916985
202402,10대이하,커피/음료,667300009
202402,10대이하,패스트푸드,326224270
202402,10대이하,한식,645382901
202402,20대,간이주점,10577752217
202402,20대,고기요리,10904786824
202402,20대,닭/오리요리,5877284831
202402,20대,별식/퓨전요리,3133796754
202402,20대,분식,4733428879
202402,20대,양식,3101031825
202402,20대,일식/수산물,6575935708
202402,20대,제과/제빵/떡/케익,4301781931
202402,20대,중식,3256922926
202402,20대,커피/음료,13633810918
202402,20대,패스트푸드,6025676452
202402,20대,한식,27995382851
202402,30대,간이주점,11717897183
202402,30대,고기요리,20917812865
202402,30대,닭/오리요리,8776452006
202402,30대,별식/퓨전요리,5874101034
202402,30대,분식,8691226921
202402,30대,양식,5811097834
202402,30대,일식/수산물,13718424077
202402,30대,제과/제빵/떡/케익,10228119341
202402,30대,중식,6647898884
202402,30대,커피/음료,21451981486
202402,30대,패스트푸드,9188640867
202402,30대,한식,53037960326
202402,40대,간이주점,11788232769
202402,40대,고기요리,27558725638
202402,40대,닭/오리요리,13354089904
202402,40대,별식/퓨전요리,8121055123
202402,40대,분식,13575382161
202402,40대,양식,7185224654
202402,40대,일식/수산물,20084744476
202402,40대,제과/제빵/떡/케익,14824756055
202402,40대,중식,9837893583
202402,40대,커피/음료,24194318606
202402,40대,패스트푸드,11427258985
202402,40대,한식,72549288551
202402,50대+,간이주점,12488646555
202402,50대+,고기요리,43386884680
202402,50대+,닭/오리요리,20437787275
202402,50대+,별식/퓨전요리,13643482770
202402,50대+,분식,18917429654
202402,50대+,양식,6404180164
202402,50대+,일식/수산물,42162174755
202402,50대+,제과/제빵/떡/케익,25569760206
202402,50대+,중식,12979639566
202402,50대+,커피/음료,26954774458
202402,50대+,패스트푸드,11309987338
202402,50대+,한식,131907964318
202403,10대이하,간이주점,321407535
202403,10대이하,고기요리,230228194
202403,10대이하,닭/오리요리,226322456
202403,10대이하,별식/퓨전요리,87972623
202403,10대이하,분식,361443539
202403,10대이하,양식,117289945
202403,10대이하,일식/수산물,108997007
202403,10대이하,제과/제빵/떡/케익,152136783
202403,10대이하,중식,199938454
202403,10대이하,커피/음료,795792301
202403,10대이하,패스트푸드,396092004
202403,10대이하,한식,804488478
202403,20대,간이주점,12124222233
202403,20대,고기요리,12836393077
202403,20대,닭/오리요리,6879054952
202403,20대,별식/퓨전요리,3582530672
202403,20대,분식,5739658914
202403,20대,양식,3451317310
202403,20대,일식/수산물,7683028045
202403,20대,제과/제빵/떡/케익,4745783813
202403,20대,중식,3811744146
202403,20대,커피/음료,15991328675
202403,20대,패스트푸드,6929023292
202403,20대,한식,34869523055
202403,30대,간이주점,12760414277
202403,30대,고기요리,23722896586
202403,30대,닭/오리요리,10036303466
202403,30대,별식/퓨전요리,6639373420
202403,30대,분식,10007907710
202403,30대,양식,6253996586
202403,30대,일식/수산물,15456467614
202403,30대,제과/제빵/떡/케익,10954159055
202403,30대,중식,7262100733
202403,30대,커피/음료,24504168104
202403,30대,패스트푸드,9445880072
202403,30대,한식,62430542937
202403,40대,간이주점,13168392523
202403,40대,고기요리,31446509989
202403,40대,닭/오리요리,15188549877
202403,40대,별식/퓨전요리,9177359976
202403,40대,분식,15328314419
202403,40대,양식,7443214718
202403,40대,일식/수산물,22562495539
202403,40대,제과/제빵/떡/케익,15890571201
202403,40대,중식,10460649716
202403,40대,커피/음료,28035000729
202403,40대,패스트푸드,11460327416
202403,40대,한식,83706208354
202403,50대+,간이주점,14057165551
202403,50대+,고기요리,49887424021
202403,50대+,닭/오리요리,23912057967
202403,50대+,별식/퓨전요리,15665500349
202403,50대+,분식,22469739806
202403,50대+,양식,7194243065
202403,50대+,일식/수산물,48298815553
202403,50대+,제과/제빵/떡/케익,25434616772
202403,50대+,중식,14060170255
202403,50대+,커피/음료,32452029200
202403,50대+,패스트푸드,11737092022
202403,50대+,한식,157774479762
202404,10대이하,간이주점,258563083
202404,10대이하,고기요리,219101684
202404,10대이하,닭/오리요리,205436107
202404,10대이하,별식/퓨전요리,95082705
202404,10대이하,분식,357080948
202404,10대이하,양식,119029433
202404,10대이하,일식/수산물,120192357
202404,10대이하,제과/제빵/떡/케익,140517793
202404,10대이하,중식,195347801
202404,10대이하,커피/음료,913168992
202404,10대이하,패스트푸드,435021605
202404,10대이하,한식,787543503
202404,20대,간이주점,10549550305
202404,20대,고기요리,11974085782
202404,20대,닭/오리요리,6390247998
202404,20대,별식/퓨전요리,3303776682
202404,20대,분식,5436113321
202404,20대,양식,3119308010
202404,20대,일식/수산물,7030806182
202404,20대,제과/제빵/떡/케익,4263035513
202404,20대,중식,3415200475
202404,20대,커피/음료,15908068235
202404,20대,패스트푸드,6982124564
202404,20대,한식,31958919320
202404,30대,간이주점,12832385918
202404,30대,고기요리,22448637644
202404,30대,닭/오리요리,10044769255
202404,30대,별식/퓨전요리,6317628245
202404,30대,분식,10068938901
202404,30대,양식,5796226364
202404,30대,일식/수산물,14195141264
202404,30대,제과/제빵/떡/케익,10119266481
202404,30대,중식,6567438168
202404,30대,커피/음료,24790771089
202404,30대,패스트푸드,9481793572
202404,30대,한식,59296154834
202404,40대,간이주점,13312427131
202404,40대,고기요리,29498900879
202404,40대,닭/오리요리,15115508782
202404,40대,별식/퓨전요리,8699477790
202404,40대,분식,15486720926
202404,40대,양식,6751777010
202404,40대,일식/수산물,20879122916
202404,40대,제과/제빵/떡/케익,14645318023
202404,40대,중식,9478697424
202404,40대,커피/음료,29300830910
202404,40대,패스트푸드,11284893263
202404,40대,한식,80554024596
202404,50대+,간이주점,13961234782
202404,50대+,고기요리,47470692345
202404,50대+,닭/오리요리,23343944531
202404,50대+,별식/퓨전요리,14811845411
202404,50대+,분식,23209082433
202404,50대+,양식,6692614055
202404,50대+,일식/수산물,44872851679
202404,50대+,제과/제빵/떡/케익,24196762668
202404,50대+,중식,12748790712
202404,50대+,커피/음료,33714747338
202404,50대+,패스트푸드,11587061033
202404,50대+,한식,153103408294
202405,10대이하,간이주점,277044132
202405,10대이하,고기요리,253370411
202405,10대이하,닭/오리요리,219541242
202405,10대이하,별식/퓨전요리,114336534
202405,10대이하,분식,349839652
202405,10대이하,양식,128113113
202405,10대이하,일식/수산물,119294150
202405,10대이하,제과/제빵/떡/케익,174797409
202405,10대이하,중식,189241570
202405,10대이하,커피/음료,860184942
202405,10대이하,패스트푸드,401475752
202405,10대이하,한식,877207284
202405,20대,간이주점,11433746407
202405,20대,고기요리,12551223197
202405,20대,닭/오리요리,6788096303
202405,20대,별식/퓨전요리,3871567634
202405,20대,분식,5539158049
202405,20대,양식,3210316975
202405,20대,일식/수산물,7552276028
202405,20대,제과/제빵/떡/케익,4580261553
202405,20대,중식,3500646315
202405,20대,커피/음료,15878833174
202405,20대,패스트푸드,6704848726
202405,20대,한식,34383693772
202405,30대,간이주점,13096202444
202405,30대,고기요리,23805391704
202405,30대,닭/오리요리,10740488538
202405,30대,별식/퓨전요리,7209886015
202405,30대,분식,10366725051
202405,30대,양식,6114616961
202405,30대,일식/수산물,15709245022
202405,30대,제과/제빵/떡/케익,10576496348
202405,30대,중식,6910635330
202405,30대,커피/음료,25249514160
202405,30대,패스트푸드,9405886122
202405,30대,한식,63205703347
202405,40대,간이주점,13622413632
202405,40대,고기요리,31409217445
202405,40대,닭/오리요리,16121826447
202405,40대,별식/퓨전요리,9902412567
202405,40대,분식,15897862768
202405,40대,양식,7395867172
202405,40대,일식/수산물,22572524609
202405,40대,제과/제빵/떡/케익,15232793359
202405,40대,중식,10040950764
202405,40대,커피/음료,29561987387
202405,40대,패스트푸드,11347133003
202405,40대,한식,84737619547
202405,50대+,간이주점,14444222423
202405,50대+,고기요리,49826538065
202405,50대+,닭/오리요리,25005765841
202405,50대+,별식/퓨전요리,16428764999
202405,50대+,분식,24294753299
202405,50대+,양식,7133985483
202405,50대+,일식/수산물,46329384530
202405,50대+,제과/제빵/떡/케익,25182650228
202405,50대+,중식,13607072773
202405,50대+,커피/음료,35144128540
202405,50대+,패스트푸드,11557023225
202405,50대+,한식,160173202740
202406,10대이하,간이주점,214688568
202406,10대이하,고기요리,206030158
202406,10대이하,닭/오리요리,184487829
202406,10대이하,별식/퓨전요리,105126497
202406,10대이하,분식,311508493
202406,10대이하,양식,108513532
202406,10대이하,일식/수산물,104366705
202406,10대이하,제과/제빵/떡/케익,127231052
202406,10대이하,중식,173185108
202406,10대이하,커피/음료,880110790
202406,10대이하,패스트푸드,387761124
202406,10대이하,한식,714073564
202406,20대,간이주점,10515251185
202406,20대,고기요리,11213826984
202406,20대,닭/오리요리,6283345226
202406,20대,별식/퓨전요리,3758064010
202406,20대,분식,5229116438
202406,20대,양식,2889656551
202406,20대,일식/수산물,6616226001
202406,20대,제과/제빵/떡/케익,4104289072
202406,20대,중식,3345671172
202406,20대,커피/음료,15845917755
202406,20대,패스트푸드,6294356834
202406,20대,한식,30866839701
202406,30대,간이주점,12846891603
202406,30대,고기요리,20966740793
202406,30대,닭/오리요리,10100838211
202406,30대,별식/퓨전요리,6835511673
202406,30대,분식,9845047038
202406,30대,양식,5536087931
202406,30대,일식/수산물,13482816179
202406,30대,제과/제빵/떡/케익,9641210732
202406,30대,중식,6461820103
202406,30대,커피/음료,24876684558
202406,30대,패스트푸드,8756259538
202406,30대,한식,57739984686
202406,40대,간이주점,13225067919
202406,40대,고기요리,27642819894
202406,40대,닭/오리요리,15424257169
202406,40대,별식/퓨전요리,9246807862
202406,40대,분식,15094583187
202406,40대,양식,6497247982
202406,40대,일식/수산물,19267966673
202406,40대,제과/제빵/떡/케익,13744457097
202406,40대,중식,9234324723
202406,40대,커피/음료,29838971142
202406,40대,패스트푸드,10663471191
202406,40대,한식,77097263992
202406,50대+,간이주점,14347387911
202406,50대+,고기요리,46345349140
202406,50대+,닭/오리요리,25460603218
202406,50대+,별식/퓨전요리,15753622477
202406,50대+,분식,23840068751
202406,50대+,양식,6721176990
202406,50대+,일식/수산물,42460681273
202406,50대+,제과/제빵/떡/케익,22300171378
202406,50대+,중식,12670997504
202406,50대+,커피/음료,35502426681
202406,50대+,패스트푸드,11029478899
202406,50대+,한식,152031858666
202407,10대이하,간이주점,190164738
202407,10대이하,고기요리,200556670
202407,10대이하,닭/오리요리,165682954
202407,10대이하,별식/퓨전요리,115163727
202407,10대이하,분식,337577390
202407,10대이하,양식,125184128
202407,10대이하,일식/수산물,107908523
202407,10대이하,제과/제빵/떡/케익,127207768
202407,10대이하,중식,168833472
202407,10대이하,커피/음료,868851650
202407,10대이하,패스트푸드,349407942
202407,10대이하,한식,698020639
202407,20대,간이주점,9885680841
202407,20대,고기요리,10643996180
202407,20대,닭/오리요리,6010268519
202407,20대,별식/퓨전요리,3919384461
202407,20대,분식,4992247139
202407,20대,양식,2744156895
202407,20대,일식/수산물,6201044622
202407,20대,제과/제빵/떡/케익,3903714990
202407,20대,중식,3221354346
202407,20대,커피/음료,15169882354
202407,20대,패스트푸드,5930763572
202407,20대,한식,29145341650
202407,30대,간이주점,12154669674
202407,30대,고기요리,20013605027
202407,30대,닭/오리요리,10112349818
202407,30대,별식/퓨전요리,7295683759
202407,30대,분식,9273055035
202407,30대,양식,5408640147
202407,30대,일식/수산물,12981277878
202407,30대,제과/제빵/떡/케익,9413998286
202407,30대,중식,6530499105
202407,30대,커피/음료,23904002944
202407,30대,패스트푸드,8651958058
202407,30대,한식,55203832448
202407,40대,간이주점,13133976397
202407,40대,고기요리,27011022044
202407,40대,닭/오리요리,15704482823
202407,40대,별식/퓨전요리,10025794253
202407,40대,분식,14651186679
202407,40대,양식,6812206267
202407,40대,일식/수산물,19036909328
202407,40대,제과/제빵/떡/케익,13472959089
202407,40대,중식,9517389469
202407,40대,커피/음료,28904048027
202407,40대,패스트푸드,10688648379
202407,40대,한식,77055811024
202407,50대+,간이주점,14343914431
202407,50대+,고기요리,46491828392
202407,50대+,닭/오리요리,28346089754
202407,50대+,별식/퓨전요리,17153811603
202407,50대+,분식,23415183182
202407,50대+,양식,6972205351
202407,50대+,일식/수산물,41816047918
202407,50대+,제과/제빵/떡/케익,21859795172
202407,50대+,중식,13108949068
202407,50대+,커피/음료,34888281483
202407,50대+,패스트푸드,11195485444
202407,50대+,한식,152003887763
202408,10대이하,간이주점,182802270
202408,10대이하,고기요리,188534736
202408,10대이하,닭/오리요리,164698679
202408,10대이하,별식/퓨전요리,118000076
202408,10대이하,분식,290514996
202408,10대이하,양식,104343050
202408,10대이하,일식/수산물,106913651
202408,10대이하,제과/제빵/떡/케익,127795118
202408,10대이하,중식,153519976
202408,10대이하,커피/음료,824710887
202408,10대이하,패스트푸드,337561532
202408,10대이하,한식,649417606
202408,20대,간이주점,10475927604
202408,20대,고기요리,11137326633
202408,20대,닭/오리요리,5896128486
202408,20대,별식/퓨전요리,4306425931
202408,20대,분식,5139699953
202408,20대,양식,3005749056
202408,20대,일식/수산물,7040744027
202408,20대,제과/제빵/떡/케익,4123332710
202408,20대,중식,3290731361
202408,20대,커피/음료,15975453388
202408,20대,패스트푸드,6224088509
202408,20대,한식,31146272143
202408,30대,간이주점,12593976974
202408,30대,고기요리,20969114090
202408,30대,닭/오리요리,9638854170
202408,30대,별식/퓨전요리,7901302424
202408,30대,분식,9742833324
202408,30대,양식,6012178682
202408,30대,일식/수산물,14532339558
202408,30대,제과/제빵/떡/케익,9858038180
202408,30대,중식,6797392021
202408,30대,커피/음료,25334143158
202408,30대,패스트푸드,9230347109
202408,30대,한식,59980673679
202408,40대,간이주점,13349230039
202408,40대,고기요리,28187186493
202408,40대,닭/오리요리,14805134061
202408,40대,별식/퓨전요리,10810496409
202408,40대,분식,15434138505
202408,40대,양식,7353992005
202408,40대,일식/수산물,20811196720
202408,40대,제과/제빵/떡/케익,14072877290
202408,40대,중식,9850964281
202408,40대,커피/음료,30717614918
202408,40대,패스트푸드,11537167991
202408,40대,한식,80994989583
202408,50대+,간이주점,14563843810
202408,50대+,고기요리,48454703964
202408,50대+,닭/오리요리,26300352035
202408,50대+,별식/퓨전요리,18578281571
202408,50대+,분식,25211844487
202408,50대+,양식,7482292380
202408,50대+,일식/수산물,45296011081
202408,50대+,제과/제빵/떡/케익,22903104832
202408,50대+,중식,13641039123
202408,50대+,커피/음료,36877348073
202408,50대+,패스트푸드,12331435369
202408,50대+,한식,158177066487
202409,10대이하,간이주점,175226705
202409,10대이하,고기요리,187586549
202409,10대이하,닭/오리요리,164553988
202409,10대이하,별식/퓨전요리,126394443
202409,10대이하,분식,284632567
202409,10대이하,양식,109634121
202409,10대이하,일식/수산물,114157278
202409,10대이하,제과/제빵/떡/케익,141414560
202409,10대이하,중식,177435810
202409,10대이하,커피/음료,813394104
202409,10대이하,패스트푸드,399316553
202409,10대이하,한식,707238970
202409,20대,간이주점,10389300502
202409,20대,고기요리,10514715649
202409,20대,닭/오리요리,5815745314
202409,20대,별식/퓨전요리,4516817877
202409,20대,분식,4804532873
202409,20대,양식,2919315905
202409,20대,일식/수산물,7453165917
202409,20대,제과/제빵/떡/케익,4263563312
202409,20대,중식,3348493766
202409,20대,커피/음료,15192662827
202409,20대,패스트푸드,6461290295
202409,20대,한식,30760413747
202409,30대,간이주점,12200670242
202409,30대,고기요리,19814718415
202409,30대,닭/오리요리,8620841557
202409,30대,별식/퓨전요리,8330278037
202409,30대,분식,8980809737
202409,30대,양식,5471410825
202409,30대,일식/수산물,15160937219
202409,30대,제과/제빵/떡/케익,10228178575
202409,30대,중식,6531188510
202409,30대,커피/음료,23799238679
202409,30대,패스트푸드,8908320931
202409,30대,한식,59141944172
202409,40대,간이주점,12267694103
202409,40대,고기요리,25773569107
202409,40대,닭/오리요리,12876684285
202409,40대,별식/퓨전요리,11188922972
202409,40대,분식,13758708105
202409,40대,양식,6243377416
202409,40대,일식/수산물,20860739368
202409,40대,제과/제빵/떡/케익,14746723053
202409,40대,중식,9311475264
202409,40대,커피/음료,28002973549
202409,40대,패스트푸드,10858962014
202409,40대,한식,75218017959
202409,50대+,간이주점,13798974676
202409,50대+,고기요리,44311143110
202409,50대+,닭/오리요리,21162116480
202409,50대+,별식/퓨전요리,19128808926
202409,50대+,분식,22183363891
202409,50대+,양식,6322089881
202409,50대+,일식/수산물,45830828504
202409,50대+,제과/제빵/떡/케익,26454627482
202409,50대+,중식,13022489099
202409,50대+,커피/음료,34133393288
202409,50대+,패스트푸드,11507719965
202409,50대+,한식,148254102534
202410,10대이하,간이주점,155624445
202410,10대이하,고기요리,206703294
202410,10대이하,닭/오리요리,188384537
202410,10대이하,별식/퓨전요리,148634334
202410,10대이하,분식,326749698
202410,10대이하,양식,124488421
202410,10대이하,일식/수산물,121441830
202410,10대이하,제과/제빵/떡/케익,154572747
202410,10대이하,중식,184149288
202410,10대이하,커피/음료,812283946
202410,10대이하,패스트푸드,424707329
202410,10대이하,한식,725953949
202410,20대,간이주점,10027022085
202410,20대,고기요리,10919641256
202410,20대,닭/오리요리,5996256276
202410,20대,별식/퓨전요리,5081873549
202410,20대,분식,5280477173
202410,20대,양식,2994199554
202410,20대,일식/수산물,7652929757
202410,20대,제과/제빵/떡/케익,4478448920
202410,20대,중식,3584268679
202410,20대,커피/음료,15196829195
202410,20대,패스트푸드,6821692005
202410,20대,한식,31553309422
202410,30대,간이주점,12431889055
202410,30대,고기요리,20634194182
202410,30대,닭/오리요리,9248737688
202410,30대,별식/퓨전요리,9520634197
202410,30대,분식,9807513153
202410,30대,양식,5869913186
202410,30대,일식/수산물,15471378515
202410,30대,제과/제빵/떡/케익,10725753592
202410,30대,중식,7137301617
202410,30대,커피/음료,23615828305
202410,30대,패스트푸드,9347338590
202410,30대,한식,59772040687
202410,40대,간이주점,12559536436
202410,40대,고기요리,27223606645
202410,40대,닭/오리요리,14020306431
202410,40대,별식/퓨전요리,13008750589
202410,40대,분식,15114681771
202410,40대,양식,6894526473
202410,40대,일식/수산물,21567339041
202410,40대,제과/제빵/떡/케익,15155221773
202410,40대,중식,9975368102
202410,40대,커피/음료,27815341949
202410,40대,패스트푸드,11419605905
202410,40대,한식,78866330249
202410,50대+,간이주점,13869652281
202410,50대+,고기요리,46197611870
202410,50대+,닭/오리요리,22392623288
202410,50대+,별식/퓨전요리,22532748888
202410,50대+,분식,23548793362
202410,50대+,양식,6822172646
202410,50대+,일식/수산물,47066446999
202410,50대+,제과/제빵/떡/케익,24891097269
202410,50대+,중식,13652857457
202410,50대+,커피/음료,33505492539
202410,50대+,패스트푸드,11848936038
202410,50대+,한식,156593019534
202411,10대이하,간이주점,114112107
202411,10대이하,고기요리,170357261
202411,10대이하,닭/오리요리,148693481
202411,10대이하,별식/퓨전요리,109519918
202411,10대이하,분식,275480480
202411,10대이하,양식,100803883
202411,10대이하,일식/수산물,102259265
202411,10대이하,제과/제빵/떡/케익,122933488
202411,10대이하,중식,152118550
202411,10대이하,커피/음료,634941539
202411,10대이하,패스트푸드,330854921
202411,10대이하,한식,601029255
202411,20대,간이주점,9592271051
202411,20대,고기요리,10529397845
202411,20대,닭/오리요리,5635179659
202411,20대,별식/퓨전요리,5019924142
202411,20대,분식,4918287342
202411,20대,양식,2830834659
202411,20대,일식/수산물,7885525439
202411,20대,제과/제빵/떡/케익,4255111644
202411,20대,중식,3445861535
202411,20대,커피/음료,13779841778
202411,20대,패스트푸드,6271934937
202411,20대,한식,30053385873
202411,30대,간이주점,11496253642
202411,30대,고기요리,20339727928
202411,30대,닭/오리요리,8476855321
202411,30대,별식/퓨전요리,9369677036
202411,30대,분식,8834610850
202411,30대,양식,5620467021
202411,30대,일식/수산물,14944663124
202411,30대,제과/제빵/떡/케익,10139024527
202411,30대,중식,6825592854
202411,30대,커피/음료,21450192911
202411,30대,패스트푸드,8648365394
202411,30대,한식,55133990846
202411,40대,간이주점,11789572777
202411,40대,고기요리,26426926165
202411,40대,닭/오리요리,12705013457
202411,40대,별식/퓨전요리,12693790515
202411,40대,분식,13536128298
202411,40대,양식,6497973982
202411,40대,일식/수산물,20643730073
202411,40대,제과/제빵/떡/케익,14860178233
202411,40대,중식,9634536288
202411,40대,커피/음료,25043092344
202411,40대,패스트푸드,10678687117
202411,40대,한식,73596586232
202411,50대+,간이주점,12731870920
202411,50대+,고기요리,44175445874
202411,50대+,닭/오리요리,20419746625
202411,50대+,별식/퓨전요리,22031015394
202411,50대+,분식,20637764202
202411,50대+,양식,6430967300
202411,50대+,일식/수산물,45322525410
202411,50대+,제과/제빵/떡/케익,24399639914
202411,50대+,중식,13204516361
202411,50대+,커피/음료,30518458863
202411,50대+,패스트푸드,11208148335
202411,50대+,한식,144349564514
202412,10대이하,간이주점,138163293
202412,10대이하,고기요리,197000391
202412,10대이하,닭/오리요리,173158841
202412,10대이하,별식/퓨전요리,124274015
202412,10대이하,분식,289767077
202412,10대이하,양식,124605988
202412,10대이하,일식/수산물,108169351
202412,10대이하,제과/제빵/떡/케익,137834604
202412,10대이하,중식,157361046
202412,10대이하,커피/음료,710975026
202412,10대이하,패스트푸드,322786321
202412,10대이하,한식,651766949
202412,20대,간이주점,9940995874
202412,20대,고기요리,10987035400
202412,20대,닭/오리요리,5540135704
202412,20대,별식/퓨전요리,5352229645
202412,20대,분식,4833571736
202412,20대,양식,3547969654
202412,20대,일식/수산물,8443233478
202412,20대,제과/제빵/떡/케익,4679908324
202412,20대,중식,3527393434
202412,20대,커피/음료,14240878465
202412,20대,패스트푸드,6189844794
202412,20대,한식,31143059661
202412,30대,간이주점,12157883939
202412,30대,고기요리,21311007115
202412,30대,닭/오리요리,8462010967
202412,30대,별식/퓨전요리,10185653434
202412,30대,분식,8741897776
202412,30대,양식,7044868801
202412,30대,일식/수산물,16829537966
202412,30대,제과/제빵/떡/케익,11285752092
202412,30대,중식,7159161207
202412,30대,커피/음료,22044150121
202412,30대,패스트푸드,8795068337
202412,30대,한식,57762600587
202412,40대,간이주점,12634288241
202412,40대,고기요리,28789126788
202412,40대,닭/오리요리,12800188567
202412,40대,별식/퓨전요리,14209421924
202412,40대,분식,13424861016
202412,40대,양식,8597919603
202412,40대,일식/수산물,23829534240
202412,40대,제과/제빵/떡/케익,16185645190
202412,40대,중식,10113351067
202412,40대,커피/음료,25748626767
202412,40대,패스트푸드,10970192387
202412,40대,한식,78762845480
202412,50대+,간이주점,13767728152
202412,50대+,고기요리,49999188046
202412,50대+,닭/오리요리,21784910525
202412,50대+,별식/퓨전요리,25150166679
202412,50대+,분식,20477568213
202412,50대+,양식,8415575810
202412,50대+,일식/수산물,52383238449
202412,50대+,제과/제빵/떡/케익,27665846296
202412,50대+,중식,14079605646
202412,50대+,커피/음료,31375186808
202412,50대+,패스트푸드,11770088731
202412,50대+,한식,154369393349
202501,10대이하,간이주점,246687000
202501,10대이하,고기요리,133051401
202501,10대이하,닭/오리요리,120642808
202501,10대이하,별식/퓨전요리,106020682
202501,10대이하,분식,183514069
202501,10대이하,양식,76675210
202501,10대이하,일식/수산물,76539743
202501,10대이하,제과/제빵/떡/케익,84480617
202501,10대이하,중식,102421445
202501,10대이하,커피/음료,460281926
202501,10대이하,패스트푸드,237539845
202501,10대이하,한식,469406936
202501,20대,간이주점,8762728482
202501,20대,고기요리,9222316401
202501,20대,닭/오리요리,4721754621
202501,20대,별식/퓨전요리,4532741030
202501,20대,분식,3821111614
202501,20대,양식,2723227612
202501,20대,일식/수산물,6147821038
202501,20대,제과/제빵/떡/케익,3728255573
202501,20대,중식,3006378989
202501,20대,커피/음료,12026578765
202501,20대,패스트푸드,5626560408
202501,20대,한식,25927805908
202501,30대,간이주점,10105196360
202501,30대,고기요리,18315667744
202501,30대,닭/오리요리,7192675022
202501,30대,별식/퓨전요리,8878174657
202501,30대,분식,7407816249
202501,30대,양식,5601116844
202501,30대,일식/수산물,13320676257
202501,30대,제과/제빵/떡/케익,9502522713
202501,30대,중식,6211814803
202501,30대,커피/음료,19853848317
202501,30대,패스트푸드,8339535039
202501,30대,한식,50723528214
202501,40대,간이주점,10125551096
202501,40대,고기요리,23604852572
202501,40대,닭/오리요리,10535429163
202501,40대,별식/퓨전요리,12227310783
202501,40대,분식,11583396834
202501,40대,양식,7247726700
202501,40대,일식/수산물,18512376108
202501,40대,제과/제빵/떡/케익,13738872530
202501,40대,중식,9151129626
202501,40대,커피/음료,22682020221
202501,40대,패스트푸드,10215514214
202501,40대,한식,68055553511
202501,50대+,간이주점,10810282701
202501,50대+,고기요리,39406016559
202501,50대+,닭/오리요리,17194202140
202501,50대+,별식/퓨전요리,20825837074
202501,50대+,분식,17867640948
202501,50대+,양식,6867341466
202501,50대+,일식/수산물,40146656336
202501,50대+,제과/제빵/떡/케익,24458157194
202501,50대+,중식,12388680702
202501,50대+,커피/음료,27222028299
202501,50대+,패스트푸드,10798370809
202501,50대+,한식,131159882902
202502,10대이하,간이주점,179452142
202502,10대이하,고기요리,131209643
202502,10대이하,닭/오리요리,118611143
202502,10대이하,별식/퓨전요리,105436367
202502,10대이하,분식,187370274
202502,10대이하,양식,80724148
202502,10대이하,일식/수산물,73984113
202502,10대이하,제과/제빵/떡/케익,94934893
202502,10대이하,중식,109120020
202502,10대이하,커피/음료,447024920
202502,10대이하,패스트푸드,256312241
202502,10대이하,한식,482693946
202502,20대,간이주점,7269061279
202502,20대,고기요리,8522566434
202502,20대,닭/오리요리,4124509681
202502,20대,별식/퓨전요리,4045852155
202502,20대,분식,3593809192
202502,20대,양식,2594657381
202502,20대,일식/수산물,5344671203
202502,20대,제과/제빵/떡/케익,3511056810
202502,20대,중식,2862774614
202502,20대,커피/음료,11007902408
202502,20대,패스트푸드,5266096182
202502,20대,한식,24125898451
202502,30대,간이주점,8820594297
202502,30대,고기요리,16433516388
202502,30대,닭/오리요리,6477067870
202502,30대,별식/퓨전요리,7923233846
202502,30대,분식,6900720837
202502,30대,양식,5181483588
202502,30대,일식/수산물,11083651035
202502,30대,제과/제빵/떡/케익,8514240315
202502,30대,중식,5813254202
202502,30대,커피/음료,17878674729
202502,30대,패스트푸드,7557800007
202502,30대,한식,49132789335
202502,40대,간이주점,9029979149
202502,40대,고기요리,20927798895
202502,40대,닭/오리요리,9792094837
202502,40대,별식/퓨전요리,10930048023
202502,40대,분식,10832790632
202502,40대,양식,6410278188
202502,40대,일식/수산물,15504182050
202502,40대,제과/제빵/떡/케익,12117958414
202502,40대,중식,8143006130
202502,40대,커피/음료,20303941699
202502,40대,패스트푸드,9270150575
202502,40대,한식,68632139948
202502,50대+,간이주점,9669052634
202502,50대+,고기요리,33575908993
202502,50대+,닭/오리요리,16019391883
202502,50대+,별식/퓨전요리,19029281934
202502,50대+,분식,16546762556
202502,50대+,양식,6279922275
202502,50대+,일식/수산물,33509589718
202502,50대+,제과/제빵/떡/케익,20072765806
202502,50대+,중식,11237015237
202502,50대+,커피/음료,24911639921
202502,50대+,패스트푸드,9658570452
202502,50대+,한식,124559977120
202503,10대이하,간이주점,196340438
202503,10대이하,고기요리,147835444
202503,10대이하,닭/오리요리,144599857
202503,10대이하,별식/퓨전요리,111197881
202503,10대이하,분식,214553424
202503,10대이하,양식,81305781
202503,10대이하,일식/수산물,76256022
202503,10대이하,제과/제빵/떡/케익,105300215
202503,10대이하,중식,125630084
202503,10대이하,커피/음료,536287682
202503,10대이하,패스트푸드,304834802
202503,10대이하,한식,562046055
202503,20대,간이주점,8681442504
202503,20대,고기요리,10262472523
202503,20대,닭/오리요리,5125189534
202503,20대,별식/퓨전요리,4651312415
202503,20대,분식,4197949153
202503,20대,양식,2980697494
202503,20대,일식/수산물,6180987552
202503,20대,제과/제빵/떡/케익,4047812459
202503,20대,중식,3255676781
202503,20대,커피/음료,13421393649
202503,20대,패스트푸드,6432974206
202503,20대,한식,29322366113
202503,30대,간이주점,10389510045
202503,30대,고기요리,19770624971
202503,30대,닭/오리요리,7908668483
202503,30대,별식/퓨전요리,9246383829
202503,30대,분식,8235614598
202503,30대,양식,6012593582
202503,30대,일식/수산물,13515696445
202503,30대,제과/제빵/떡/케익,10211575599
202503,30대,중식,6573662776
202503,30대,커피/음료,22000338272
202503,30대,패스트푸드,8964677098
202503,30대,한식,59312165344
202503,40대,간이주점,10828554626
202503,40대,고기요리,25410280009
202503,40대,닭/오리요리,11744551427
202503,40대,별식/퓨전요리,12561417102
202503,40대,분식,12558420592
202503,40대,양식,7093536083
202503,40대,일식/수산물,18906117177
202503,40대,제과/제빵/떡/케익,14307817185
202503,40대,중식,9167847259
202503,40대,커피/음료,25276051062
202503,40대,패스트푸드,10418234027
202503,40대,한식,81600740791
202503,50대+,간이주점,11769338801
202503,50대+,고기요리,42403219859
202503,50대+,닭/오리요리,19638439878
202503,50대+,별식/퓨전요리,22417859313
202503,50대+,분식,20625587233
202503,50대+,양식,7268506144
202503,50대+,일식/수산물,42044371870
202503,50대+,제과/제빵/떡/케익,24138006250
202503,50대+,중식,12779880176
202503,50대+,커피/음료,31112390355
202503,50대+,패스트푸드,11371906994
202503,50대+,한식,153003268397
202504,10대이하,간이주점,159472762
202504,10대이하,고기요리,146103029
202504,10대이하,닭/오리요리,127831716
202504,10대이하,별식/퓨전요리,102463834
202504,10대이하,분식,219060881
202504,10대이하,양식,81584520
202504,10대이하,일식/수산물,84003249
202504,10대이하,제과/제빵/떡/케익,101706738
202504,10대이하,중식,131191447
202504,10대이하,커피/음료,592203743
202504,10대이하,패스트푸드,350091601
202504,10대이하,한식,547060896
202504,20대,간이주점,7361824917
202504,20대,고기요리,9302293932
202504,20대,닭/오리요리,4776024818
202504,20대,별식/퓨전요리,4219455874
202504,20대,분식,3974749047
202504,20대,양식,2688340243
202504,20대,일식/수산물,5530852546
202504,20대,제과/제빵/떡/케익,3753499794
202504,20대,중식,3033157638
202504,20대,커피/음료,12802778634
202504,20대,패스트푸드,6380724160
202504,20대,한식,26411279483
202504,30대,간이주점,9971949769
202504,30대,고기요리,18699422778
202504,30대,닭/오리요리,7914131094
202504,30대,별식/퓨전요리,8813535963
202504,30대,분식,8157044664
202504,30대,양식,5512259489
202504,30대,일식/수산물,12424903398
202504,30대,제과/제빵/떡/케익,9650076744
202504,30대,중식,6135755238
202504,30대,커피/음료,21728338543
202504,30대,패스트푸드,8849567818
202504,30대,한식,56050919272
202504,40대,간이주점,10393183385
202504,40대,고기요리,23549318292
202504,40대,닭/오리요리,11581501148
202504,40대,별식/퓨전요리,11860231752
202504,40대,분식,12574720238
202504,40대,양식,6339746202
202504,40대,일식/수산물,17357621042
202504,40대,제과/제빵/떡/케익,13874148611
202504,40대,중식,8482620741
202504,40대,커피/음료,25666478194
202504,40대,패스트푸드,10569694205
202504,40대,한식,76992830944
202504,50대+,간이주점,11377055540
202504,50대+,고기요리,39891197415
202504,50대+,닭/오리요리,19124082453
202504,50대+,별식/퓨전요리,21017795512
202504,50대+,분식,21009515227
202504,50대+,양식,6574686429
202504,50대+,일식/수산물,38451775628
202504,50대+,제과/제빵/떡/케익,23600628161
202504,50대+,중식,11917964446
202504,50대+,커피/음료,31703825003
202504,50대+,패스트푸드,11398172775
202504,50대+,한식,146888180194
202505,10대이하,간이주점,168528452
202505,10대이하,고기요리,172205698
202505,10대이하,닭/오리요리,145828630
202505,10대이하,별식/퓨전요리,113051595
202505,10대이하,분식,226306445
202505,10대이하,양식,91458710
202505,10대이하,일식/수산물,91035939
202505,10대이하,제과/제빵/떡/케익,127496684
202505,10대이하,중식,129898661
202505,10대이하,커피/음료,601867090
202505,10대이하,패스트푸드,328702332
202505,10대이하,한식,630305050
202505,20대,간이주점,8483842797
202505,20대,고기요리,10209792585
202505,20대,닭/오리요리,5194840625
202505,20대,별식/퓨전요리,4698609336
202505,20대,분식,4291536046
202505,20대,양식,3018871516
202505,20대,일식/수산물,6461651303
202505,20대,제과/제빵/떡/케익,4056505290
202505,20대,중식,3158910532
202505,20대,커피/음료,13763135941
202505,20대,패스트푸드,6595952158
202505,20대,한식,29883174598
202505,30대,간이주점,10816761021
202505,30대,고기요리,20981538693
202505,30대,닭/오리요리,8938189370
202505,30대,별식/퓨전요리,9698044167
202505,30대,분식,8921797752
202505,30대,양식,6372116505
202505,30대,일식/수산물,14540560952
202505,30대,제과/제빵/떡/케익,10194146261
202505,30대,중식,6660826338
202505,30대,커피/음료,23558383904
202505,30대,패스트푸드,9434731078
202505,30대,한식,63733621348
202505,40대,간이주점,11281237766
202505,40대,고기요리,26900380344
202505,40대,닭/오리요리,13135028711
202505,40대,별식/퓨전요리,13331900477
202505,40대,분식,13855495935
202505,40대,양식,7484391973
202505,40대,일식/수산물,20099232223
202505,40대,제과/제빵/떡/케익,14626356617
202505,40대,중식,9303733869
202505,40대,커피/음료,27556147920
202505,40대,패스트푸드,11016349416
202505,40대,한식,85928747735
202505,50대+,간이주점,12288087524
202505,50대+,고기요리,45095600980
202505,50대+,닭/오리요리,21610820525
202505,50대+,별식/퓨전요리,22492766602
202505,50대+,분식,23412771842
202505,50대+,양식,7650673099
202505,50대+,일식/수산물,42513894321
202505,50대+,제과/제빵/떡/케익,25267970501
202505,50대+,중식,12992301370
202505,50대+,커피/음료,34849913735
202505,50대+,패스트푸드,12032211090
202505,50대+,한식,158966905726
202506,10대이하,간이주점,134179761
202506,10대이하,고기요리,125566969
202506,10대이하,닭/오리요리,117464218
202506,10대이하,별식/퓨전요리,97244554
202506,10대이하,분식,196180393
202506,10대이하,양식,75696849
202506,10대이하,일식/수산물,82447818
202506,10대이하,제과/제빵/떡/케익,95558888
202506,10대이하,중식,120533162
202506,10대이하,커피/음료,605171014
202506,10대이하,패스트푸드,312248728
202506,10대이하,한식,509289645
202506,20대,간이주점,7796689595
202506,20대,고기요리,8937000730
202506,20대,닭/오리요리,4789182024
202506,20대,별식/퓨전요리,4192019991
202506,20대,분식,4013731340
202506,20대,양식,2667147887
202506,20대,일식/수산물,5608881522
202506,20대,제과/제빵/떡/케익,3481847691
202506,20대,중식,2964228374
202506,20대,커피/음료,13548140493
202506,20대,패스트푸드,6184831983
202506,20대,한식,26406226923
202506,30대,간이주점,10438577603
202506,30대,고기요리,18206008271
202506,30대,닭/오리요리,8497851396
202506,30대,별식/퓨전요리,8632058428
202506,30대,분식,8609677908
202506,30대,양식,5622009750
202506,30대,일식/수산물,12318777800
202506,30대,제과/제빵/떡/케익,9078423695
202506,30대,중식,6144347923
202506,30대,커피/음료,23135547757
202506,30대,패스트푸드,8844727894
202506,30대,한식,55544266740
202506,40대,간이주점,10952388208
202506,40대,고기요리,23445802532
202506,40대,닭/오리요리,12456466594
202506,40대,별식/퓨전요리,11688962402
202506,40대,분식,13237429366
202506,40대,양식,6507935759
202506,40대,일식/수산물,17324819293
202506,40대,제과/제빵/떡/케익,12919492724
202506,40대,중식,8715420916
202506,40대,커피/음료,27886757565
202506,40대,패스트푸드,10371930916
202506,40대,한식,76455830354
202506,50대+,간이주점,11991844231
202506,50대+,고기요리,41188702654
202506,50대+,닭/오리요리,21439747998
202506,50대+,별식/퓨전요리,20563491247
202506,50대+,분식,23447385290
202506,50대+,양식,7117633842
202506,50대+,일식/수산물,39008243363
202506,50대+,제과/제빵/떡/케익,22532230255
202506,50대+,중식,12188860062
202506,50대+,커피/음료,35133026438
202506,50대+,패스트푸드,11403053790
202506,50대+,한식,149476139157
202507,10대이하,간이주점,207924568
202507,10대이하,고기요리,213962315
202507,10대이하,닭/오리요리,169449632
202507,10대이하,별식/퓨전요리,239362657
202507,10대이하,분식,319540246
202507,10대이하,양식,133441646
202507,10대이하,일식/수산물,132965686
202507,10대이하,제과/제빵/떡/케익,149691409
202507,10대이하,중식,185622915
202507,10대이하,커피/음료,919366513
202507,10대이하,패스트푸드,420097781
202507,10대이하,한식,777770010
202507,20대,간이주점,8215259490
202507,20대,고기요리,9667420097
202507,20대,닭/오리요리,5645648181
202507,20대,별식/퓨전요리,5217959240
202507,20대,분식,4334105482
202507,20대,양식,2950495585
202507,20대,일식/수산물,5901990041
202507,20대,제과/제빵/떡/케익,3852581852
202507,20대,중식,3283913618
202507,20대,커피/음료,14855654861
202507,20대,패스트푸드,6686508231
202507,20대,한식,28622213813
202507,30대,간이주점,11028431580
202507,30대,고기요리,18943985013
202507,30대,닭/오리요리,9634258486
202507,30대,별식/퓨전요리,9455226427
202507,30대,분식,8659174897
202507,30대,양식,5869435443
202507,30대,일식/수산물,12830613403
202507,30대,제과/제빵/떡/케익,9314911807
202507,30대,중식,6604080671
202507,30대,커피/음료,24410047753
202507,30대,패스트푸드,9457749913
202507,30대,한식,58192751538
202507,40대,간이주점,11730244429
202507,40대,고기요리,24616520855
202507,40대,닭/오리요리,14217273992
202507,40대,별식/퓨전요리,12887476282
202507,40대,분식,13498450780
202507,40대,양식,7280874971
202507,40대,일식/수산물,18083605661
202507,40대,제과/제빵/떡/케익,13216251099
202507,40대,중식,9248557249
202507,40대,커피/음료,29412229013
202507,40대,패스트푸드,11113065247
202507,40대,한식,82575715703
202507,50대+,간이주점,12926584311
202507,50대+,고기요리,42646357671
202507,50대+,닭/오리요리,26224906121
202507,50대+,별식/퓨전요리,22216234880
202507,50대+,분식,24297126079
202507,50대+,양식,7832839643
202507,50대+,일식/수산물,39735051030
202507,50대+,제과/제빵/떡/케익,22718087602
202507,50대+,중식,12780227856
202507,50대+,커피/음료,37746100714
202507,50대+,패스트푸드,12470922900
202507,50대+,한식,159074404318
202508,10대이하,간이주점,184190168
202508,10대이하,고기요리,207239603
202508,10대이하,닭/오리요리,167161445
202508,10대이하,별식/퓨전요리,233854581
202508,10대이하,분식,280761345
202508,10대이하,양식,114876159
202508,10대이하,일식/수산물,134652749
202508,10대이하,제과/제빵/떡/케익,152563535
202508,10대이하,중식,175709931
202508,10대이하,커피/음료,842826704
202508,10대이하,패스트푸드,432842806
202508,10대이하,한식,752969521
202508,20대,간이주점,8480781079
202508,20대,고기요리,10277688772
202508,20대,닭/오리요리,5644105032
202508,20대,별식/퓨전요리,5593556400
202508,20대,분식,4541507773
202508,20대,양식,3256175883
202508,20대,일식/수산물,6962426912
202508,20대,제과/제빵/떡/케익,4371450830
202508,20대,중식,3516566584
202508,20대,커피/음료,15683501022
202508,20대,패스트푸드,7567356075
202508,20대,한식,30904429217
202508,30대,간이주점,11106238259
202508,30대,고기요리,19751080741
202508,30대,닭/오리요리,9089008037
202508,30대,별식/퓨전요리,10106011395
202508,30대,분식,9034266738
202508,30대,양식,6429709288
202508,30대,일식/수산물,14419244686
202508,30대,제과/제빵/떡/케익,10281866119
202508,30대,중식,6856603310
202508,30대,커피/음료,25321110941
202508,30대,패스트푸드,10298652929
202508,30대,한식,62422202888
202508,40대,간이주점,11696708811
202508,40대,고기요리,25730260206
202508,40대,닭/오리요리,13067412593
202508,40대,별식/퓨전요리,13513688371
202508,40대,분식,13657043455
202508,40대,양식,7723030538
202508,40대,일식/수산물,19681972476
202508,40대,제과/제빵/떡/케익,14495449393
202508,40대,중식,9351091763
202508,40대,커피/음료,28907843470
202508,40대,패스트푸드,11948522463
202508,40대,한식,83049905747
202508,50대+,간이주점,12740472903
202508,50대+,고기요리,45309959405
202508,50대+,닭/오리요리,23222202963
202508,50대+,별식/퓨전요리,23432832960
202508,50대+,분식,24260247084
202508,50대+,양식,7908651983
202508,50대+,일식/수산물,43738370150
202508,50대+,제과/제빵/떡/케익,24274026127
202508,50대+,중식,13043579734
202508,50대+,커피/음료,36935280331
202508,50대+,패스트푸드,13263844280
202508,50대+,한식,161457328326
202509,10대이하,간이주점,184548734
202509,10대이하,고기요리,197318800
202509,10대이하,닭/오리요리,162209649
202509,10대이하,별식/퓨전요리,218967819
202509,10대이하,분식,271593857
202509,10대이하,양식,115181922
202509,10대이하,일식/수산물,126776832
202509,10대이하,제과/제빵/떡/케익,168492353
202509,10대이하,중식,176087453
202509,10대이하,커피/음료,773464218
202509,10대이하,패스트푸드,472728617
202509,10대이하,한식,757109509
202509,20대,간이주점,7956360754
202509,20대,고기요리,9295020567
202509,20대,닭/오리요리,5057311179
202509,20대,별식/퓨전요리,5046522517
202509,20대,분식,4142836497
202509,20대,양식,2904242158
202509,20대,일식/수산물,6563713421
202509,20대,제과/제빵/떡/케익,4307450789
202509,20대,중식,3292906156
202509,20대,커피/음료,13887371830
202509,20대,패스트푸드,7326512662
202509,20대,한식,29223260745
202509,30대,간이주점,10142054147
202509,30대,고기요리,18254142041
202509,30대,닭/오리요리,7964704551
202509,30대,별식/퓨전요리,9365413034
202509,30대,분식,7972415121
202509,30대,양식,5658903352
202509,30대,일식/수산물,13611036735
202509,30대,제과/제빵/떡/케익,10134999145
202509,30대,중식,6184488000
202509,30대,커피/음료,22412441127
202509,30대,패스트푸드,9409244960
202509,30대,한식,58682203214
202509,40대,간이주점,10579412956
202509,40대,고기요리,22935224998
202509,40대,닭/오리요리,11307109270
202509,40대,별식/퓨전요리,12317929461
202509,40대,분식,11869306979
202509,40대,양식,6306576732
202509,40대,일식/수산물,18047935370
202509,40대,제과/제빵/떡/케익,14066864143
202509,40대,중식,8405475342
202509,40대,커피/음료,25601327337
202509,40대,패스트푸드,10636579160
202509,40대,한식,78124531277
202509,50대+,간이주점,11665390852
202509,50대+,고기요리,40660348616
202509,50대+,닭/오리요리,19245527621
202509,50대+,별식/퓨전요리,22275446519
202509,50대+,분식,21005405709
202509,50대+,양식,6841263836
202509,50대+,일식/수산물,40615852331
202509,50대+,제과/제빵/떡/케익,24816616286
202509,50대+,중식,11891715414
202509,50대+,커피/음료,33074800248
202509,50대+,패스트푸드,12076851891
202509,50대+,한식,151252494911
202510,10대이하,간이주점,164123146
202510,10대이하,고기요리,206519168
202510,10대이하,닭/오리요리,173835824
202510,10대이하,별식/퓨전요리,224105687
202510,10대이하,분식,282270720
202510,10대이하,양식,124806867
202510,10대이하,일식/수산물,139606518
202510,10대이하,제과/제빵/떡/케익,179944957
202510,10대이하,중식,194858594
202510,10대이하,커피/음료,826783976
202510,10대이하,패스트푸드,491617274
202510,10대이하,한식,823678667
202510,20대,간이주점,8317031100
202510,20대,고기요리,9722974263
202510,20대,닭/오리요리,5488480393
202510,20대,별식/퓨전요리,5470124896
202510,20대,분식,4329021866
202510,20대,양식,3095634022
202510,20대,일식/수산물,7294518212
202510,20대,제과/제빵/떡/케익,4601469255
202510,20대,중식,3547802833
202510,20대,커피/음료,14685314338
202510,20대,패스트푸드,7712255979
202510,20대,한식,30504304437
202510,30대,간이주점,10990473026
202510,30대,고기요리,18818330229
202510,30대,닭/오리요리,8436566396
202510,30대,별식/퓨전요리,10030688534
202510,30대,분식,8351979182
202510,30대,양식,6206302897
202510,30대,일식/수산물,14785707560
202510,30대,제과/제빵/떡/케익,10807596901
202510,30대,중식,6644296373
202510,30대,커피/음료,23247188112
202510,30대,패스트푸드,9947268097
202510,30대,한식,60445944249
202510,40대,간이주점,11088102302
202510,40대,고기요리,23726340474
202510,40대,닭/오리요리,11930798209
202510,40대,별식/퓨전요리,13230221820
202510,40대,분식,12396170195
202510,40대,양식,7011658834
202510,40대,일식/수산물,19724046116
202510,40대,제과/제빵/떡/케익,15092329111
202510,40대,중식,9065787416
202510,40대,커피/음료,26501624867
202510,40대,패스트푸드,11629504398
202510,40대,한식,80412969479
202510,50대+,간이주점,12083608220
202510,50대+,고기요리,42864994635
202510,50대+,닭/오리요리,19820163120
202510,50대+,별식/퓨전요리,23874967394
202510,50대+,분식,21730356238
202510,50대+,양식,7310764685
202510,50대+,일식/수산물,45471046348
202510,50대+,제과/제빵/떡/케익,28483238138
202510,50대+,중식,13014589349
202510,50대+,커피/음료,34298193743
202510,50대+,패스트푸드,12773088618
202510,50대+,한식,158159584535
202511,10대이하,간이주점,187781338
202511,10대이하,고기요리,213404839
202511,10대이하,닭/오리요리,183275853
202511,10대이하,별식/퓨전요리,226727879
202511,10대이하,분식,280985199
202511,10대이하,양식,124301948
202511,10대이하,일식/수산물,146900205
202511,10대이하,제과/제빵/떡/케익,164671943
202511,10대이하,중식,187402357
202511,10대이하,커피/음료,741255759
202511,10대이하,패스트푸드,464465387
202511,10대이하,한식,812497977
202511,20대,간이주점,8070154200
202511,20대,고기요리,9220735214
202511,20대,닭/오리요리,5247268960
202511,20대,별식/퓨전요리,5197691036
202511,20대,분식,4196947350
202511,20대,양식,2954294157
202511,20대,일식/수산물,7343608367
202511,20대,제과/제빵/떡/케익,4371331033
202511,20대,중식,3388628522
202511,20대,커피/음료,13413732316
202511,20대,패스트푸드,7157575006
202511,20대,한식,29582555725
202511,30대,간이주점,10391345199
202511,30대,고기요리,17836126011
202511,30대,닭/오리요리,8088056482
202511,30대,별식/퓨전요리,9512762490
202511,30대,분식,7922257470
202511,30대,양식,6203257938
202511,30대,일식/수산물,14116908292
202511,30대,제과/제빵/떡/케익,10127926384
202511,30대,중식,6300961555
202511,30대,커피/음료,21632700318
202511,30대,패스트푸드,9350497000
202511,30대,한식,60885248917
202511,40대,간이주점,10288306228
202511,40대,고기요리,22986986955
202511,40대,닭/오리요리,11210305418
202511,40대,별식/퓨전요리,12570129051
202511,40대,분식,11721100655
202511,40대,양식,6983267301
202511,40대,일식/수산물,18745956609
202511,40대,제과/제빵/떡/케익,14080227036
202511,40대,중식,8677719598
202511,40대,커피/음료,24331093681
202511,40대,패스트푸드,10991270148
202511,40대,한식,81166339935
202511,50대+,간이주점,11445868506
202511,50대+,고기요리,41633852456
202511,50대+,닭/오리요리,19239539158
202511,50대+,별식/퓨전요리,22997257812
202511,50대+,분식,20258449497
202511,50대+,양식,7209479557
202511,50대+,일식/수산물,43053058111
202511,50대+,제과/제빵/떡/케익,25629391043
202511,50대+,중식,12462543021
202511,50대+,커피/음료,31907039569
202511,50대+,패스트푸드,12205771126
202511,50대+,한식,156749836514
